,cervix_area,os_area,walls_area,speculum_area,artifacts_area,cervix_artifacts_area,os_artifacts_area,walls_artifacts_area,speculum_artifacts_area,cervix_specularities_area,os_specularities_area,walls_specularities_area,speculum_specularities_area,specularities_area,area_h_max_diff,rgb_cervix_r_mean,rgb_cervix_r_std,rgb_cervix_r_mean_minus_std,rgb_cervix_r_mean_plus_std,rgb_cervix_g_mean,rgb_cervix_g_std,rgb_cervix_g_mean_minus_std,rgb_cervix_g_mean_plus_std,rgb_cervix_b_mean,rgb_cervix_b_std,rgb_cervix_b_mean_minus_std,rgb_cervix_b_mean_plus_std,rgb_total_r_mean,rgb_total_r_std,rgb_total_r_mean_minus_std,rgb_total_r_mean_plus_std,rgb_total_g_mean,rgb_total_g_std,rgb_total_g_mean_minus_std,rgb_total_g_mean_plus_std,rgb_total_b_mean,rgb_total_b_std,rgb_total_b_mean_minus_std,rgb_total_b_mean_plus_std,hsv_cervix_h_mean,hsv_cervix_h_std,hsv_cervix_s_mean,hsv_cervix_s_std,hsv_cervix_v_mean,hsv_cervix_v_std,hsv_total_h_mean,hsv_total_h_std,hsv_total_s_mean,hsv_total_s_std,hsv_total_v_mean,hsv_total_v_std,fit_cervix_hull_rate,fit_cervix_hull_total,fit_cervix_bbox_rate,fit_cervix_bbox_total,fit_circle_rate,fit_circle_total,fit_ellipse_rate,fit_ellipse_total,fit_ellipse_goodness,dist_to_center_cervix,dist_to_center_os,experts::0,experts::1,experts::2,experts::3,experts::4,consensus
0,0.334652079876,0.00272747201349,0.0545147932802,0.265213545989,0.165955310906,0.00626655389902,0.0,0.0343242161194,0.00907730990744,0.0013813151627,0.00423872424524,0.0,0.137120377201,0.0374185687696,0.347649995652,136.601964773,46.272693181,90.32927159180001,182.874657954,82.4071840994,26.5335059607,55.8736781387,108.94069006,196.65247056,63.5729199487,133.07955061200002,260.225390509,110.241465027,56.944859397399995,53.29660563,167.186324425,76.4070734963,44.5456855355,31.8613879608,120.952759032,136.57977199299998,73.1002048936,63.479567098900006,209.679976886,4.4259734614,3.00609543949,143.657350567,25.7515002117,196.802628818,63.3127143419,4.24367875193,2.78573490371,106.67155356100001,39.278662184699996,139.001135751,72.47716750819998,0.892697048768,0.374877547022,0.8112512786929998,0.412513469828,0.580850567971,0.576141435215,0.947222523798,0.353298270964,100.911343444,0.25645475299,0.40425719992,1.0,1.0,1.0,1.0,1.0,1.0
1,0.441332141938,0.00239289926394,0.157184232186,0.204246273108,0.0524864197246,0.0,0.0,0.315967845155,0.00317742284076,0.0100929588069,0.0,0.0,0.0971990563305,0.0278274392633,0.278283277297,129.52626948399998,59.3369026361,70.1893668477,188.86317212,73.9821337028,34.6303879286,39.3517457742,108.612521631,156.661288535,72.3766207384,84.2846677964,229.037909273,133.55119452899999,63.423112420600006,70.1280821082,196.974306949,83.51520559859999,45.088412311800006,38.4267932868,128.60361791,141.22207766,67.3614921692,73.8605854904,208.58356982900003,4.18768242072,2.94602543411,130.104648424,24.989313293400002,157.552816072,71.73213550770001,3.95259976149,2.82463090741,108.81932063100001,30.6461558812,147.697599309,68.7074434482,0.973527134308,0.453333170063,0.876908711416,0.503281739812,0.65817966734,0.670534451059,0.966245255743,0.45674960815,65.5159204527,0.566758824685,0.491790956949,1.0,1.0,1.0,0.0,1.0,1.0
2,0.48632253058,0.0178730686044,0.21171130678,0.245661839138,0.0399983648926,0.0,0.0,0.0031679657516999996,0.00156316560803,0.00366359919331,0.0,0.0009543534394380001,0.0,0.00245212088558,0.0782691025557,113.9087868,46.3955796642,67.5132071361,160.304366464,67.3480450721,30.9462950779,36.4017499942,98.2943401501,191.46769873099998,51.5384317389,139.929266992,243.00613047,101.608208635,41.3929871758,60.2152214596,143.001195811,61.5376573521,26.7999896816,34.7376676705,88.3376470336,183.92700578,53.0774064633,130.849599316,237.004412243,4.56660411376,3.04744244083,167.333280934,23.2775549024,191.471804771,51.5432871702,4.61109113296,3.04693667219,170.203128061,21.391209266700002,183.929956897,53.0804476025,0.946413109821,0.513858615792,0.8759624633949998,0.555186495886,0.604087677318,0.8050528902339998,0.964173828766,0.504393000588,84.4375736528,0.466574971272,0.491928229671,1.0,1.0,1.0,1.0,1.0,1.0
3,0.383838836034,0.006636315135380001,0.158499581259,0.377850921423,0.0464525132153,0.0,0.0,0.0107407004568,0.0136568160454,0.00153518321597,0.0,0.000626013816689,0.0910526208433,0.0350674715909,0.468356706845,144.46739779700002,47.2306571154,97.23674068170001,191.698054912,81.7944870539,28.2665953681,53.5278916858,110.06108242200001,203.308882677,54.882225523500004,148.42665715299998,258.1911082,121.085288499,53.945306397399996,67.1399821018,175.03059489700001,77.96939287809998,43.2222698792,34.747122999,121.191662757,144.940956235,71.8100052884,73.1309509469,216.75096152400002,4.39907832175,3.0137033782,150.942409545,23.2355986112,203.40787199599998,54.8982649607,4.0888373171,2.74859214194,114.390621939,40.8996766761,149.19534311299998,69.8175811238,0.9421079197490002,0.407425548589,0.879968971152,0.436195875784,0.588115499768,0.652658935508,0.961196357266,0.399334468064,66.4917847148,0.371283043388,0.63237456964,1.0,1.0,1.0,1.0,1.0,1.0
4,0.613026475774,0.00775690394692,0.09130336548800001,0.235390339276,0.0,0.0,0.0,0.0,0.0,0.00110862100589,0.0,0.0,0.0101631146444,0.00307356974922,0.333753731976,124.98815399799999,43.919992459,81.068161539,168.90814645700002,77.2442739338,24.3480147831,52.8962591507,101.592288717,179.98589049400002,66.82980712220001,113.15608337200001,246.815697617,117.528096836,40.9448480944,76.5832487415,158.47294493,76.3912372649,24.552771498000002,51.83846576689999,100.944008763,157.002243951,64.4143283326,92.5879156182,221.416572283,4.42737398648,3.0142812304000004,139.189157119,26.866523815,180.152163291,66.5998935687,4.3335755657,2.94202643517,122.464963142,32.9748696204,157.54724542,63.9390013268,0.96898632751,0.63264718848,0.7695778593519998,0.796574990204,0.65174937597,0.940586210553,0.9883654801470002,0.620242701803,88.0334121832,0.593152393853,0.364538693102,1.0,1.0,1.0,1.0,1.0,1.0
5,0.576113841893,0.00420866083502,0.18499067436500002,0.12596757061,0.0735009954707,0.0245590025789,0.0275950594746,0.0412266162726,0.0,0.00842229244058,0.0,0.0,0.0,0.00485219925549,0.0511133700681,140.774064129,53.4548585605,87.31920556809999,194.22892268900003,88.99959667579999,34.8983671121,54.10122956359999,123.897963788,203.507286371,68.6322302033,134.875056168,272.139516574,113.933073325,54.1517171946,59.7813561303,168.084790519,74.68411417519998,33.6197016479,41.0644125273,108.303815823,158.57472693,77.99198178119998,80.58274514859998,236.566708711,4.46678149351,3.02588190759,140.78106392700002,25.2981439579,203.538538693,68.5955747086,4.40596161038,2.95422778902,126.31371534600001,30.535373536399998,158.965994808,77.48349778859999,0.955187509579,0.603142143417,0.8380621368359998,0.687435712187,0.708704886048,0.812910780261,0.996880194604,0.577916829937,63.525778791499995,0.277214298648,0.316149468031,1.0,0.0,1.0,1.0,1.0,1.0
6,0.563716810441,0.00494037740488,0.218895635008,0.227686174146,0.0,0.0,0.0,0.0,0.0,0.00581074947977,0.00127089813375,0.0,0.0016210895926,0.00366746669279,0.363793189112,105.992332303,50.5400092919,55.4523230112,156.532341595,58.444829456099995,29.833396651100003,28.611432805,88.2782261073,184.418518519,77.80881688489998,106.60970163399999,262.227335403,108.09413572700001,47.2964490244,60.7976867025,155.390584751,62.4177360893,28.309231555100002,34.1085045342,90.7269676444,170.246234571,72.5950934463,97.65114112459999,242.841328017,4.52149986747,3.0080582263,165.572750935,36.0243433407,184.47963234099998,77.7797608569,4.45008173014,2.97826475496,152.824534066,35.9714182405,170.416159507,72.4372317199,0.954447097037,0.590621326411,0.820028404762,0.687435712187,0.7212492963379998,0.781583861922,0.995515396637,0.566256245102,61.2007538225,0.467773334351,0.416020985731,1.0,0.0,1.0,1.0,1.0,1.0
7,0.533574001456,0.00737294182955,0.137090706923,0.216730210158,0.0,0.0,0.0,0.0,0.0,0.00774548234758,0.012871532176399999,0.0,0.288433464131,0.0666450333072,0.0747050816192,97.25338817030001,32.5356107285,64.71777744180001,129.788998899,74.0603283346,27.256470879200002,46.8038574554,101.316799214,184.254373403,53.4016598413,130.85271356200002,237.656033245,121.89025458,65.2165900448,56.673664535,187.106844625,89.0342256074,49.477005515100004,39.5572200923,138.511231122,140.521456823,63.7775125514,76.7439442717,204.298969375,4.68425679665,2.99273580063,149.499914079,27.652541324899996,184.635692928,53.1521715606,4.74829732834,2.59039809981,136.467029536,37.7678073118,171.97094497,65.8742342634,0.976853854671,0.546216815243,0.823389781839,0.648021159875,0.736230890767,0.724737318343,0.992439196572,0.53763898413,57.8227561307,0.443463713079,0.493732094345,1.0,1.0,1.0,0.0,1.0,1.0
8,0.52238170322,0.0172284137009,0.152831136863,0.252047509835,0.0,0.0,0.0,0.0,0.0,0.00144749928039,0.0138598545029,2.86714858852e-05,0.0618766334941,0.0163566565439,0.224240103096,122.70853671399999,34.6194402429,88.0890964709,157.327976957,77.8967178191,19.8176072346,58.0791105845,97.7143250536,168.043461975,48.4309259,119.612536075,216.474387875,120.21974493,41.635077560700005,78.5846673697,161.854822491,80.9033601097,31.309995664200002,49.5933644455,112.213355774,147.62123151,50.1227668816,97.498464628,197.743998391,4.38032033781,2.98744993866,130.976413714,28.224680445,168.295285084,48.134396156,4.2416996585,2.8810072964099995,112.62960729299999,33.0063511183,150.303064998,50.941439232700006,0.924582611683,0.564991918103,0.87334362568,0.598139939263,0.584851080497,0.893187549173,0.970174361924,0.538441051136,126.58980118299999,0.19219382865,0.301538486977,1.0,1.0,1.0,1.0,1.0,1.0
9,0.306174823476,0.00155626930435,0.122676334689,0.316626149137,0.0,0.0,0.0,0.0,0.0,0.0010798505148099998,0.0,0.0,0.0927138851427,0.0296887245298,0.137977879925,127.702749072,36.5279103273,91.1748387451,164.2306594,83.192993656,24.0915976803,59.101395975699994,107.284591336,162.713412201,41.913871254,120.79954094700001,204.627283455,121.569917589,55.556908676899994,66.0130089122,177.126826266,85.1029645866,43.3441349929,41.7588295937,128.447099579,129.321304369,50.030259296800004,79.29104507239998,179.35156366599998,4.34362625466,2.97806571799,125.638999721,16.1832462378,163.947183099,41.6818414428,4.08942441967,2.68839755965,98.6921072933,28.720601402199996,138.193077733,56.103098150200005,0.974793792761,0.314091888715,0.800661600279,0.382402282524,0.7592607725269997,0.403253841834,0.98474683829,0.310917295259,40.24841689,0.261678090635,0.233486379579,1.0,0.0,1.0,0.0,0.0,0.0
10,0.546982014299,0.00238654851635,0.127955774786,0.162019684196,0.150849307444,0.0,0.0,0.0445928494869,0.00986225417258,0.0145235798321,0.0,0.0,0.154256891348,0.0329367897727,0.218397833779,116.29360760700001,68.991650488,47.301957118999994,185.285258095,72.0764047957,43.8673370266,28.2090677691,115.943741822,152.976591394,88.8912469012,64.0853444929,241.867838295,110.44358591299999,63.1003443675,47.3432415455,173.54393028099997,73.379123604,46.35494140229999,27.0241822017,119.73406500600001,138.61253122600002,78.8289928451,59.7835383804,217.44152407099998,4.29892755998,2.91535519443,125.90358336,33.3291615765,153.48890465600002,88.2764239272,4.26673201211,2.91049440828,113.986025054,34.4307678153,139.12430201799998,78.3226148978,0.951177863051,0.5750575529,0.767979148884,0.712235501567,0.607099144838,0.900976420325,0.9682232853910001,0.564933752939,122.758926658,0.36093226676,0.403943916643,1.0,0.0,0.0,0.0,0.0,0.0
11,0.201217338669,0.00240881815108,0.0532576693981,0.654104095596,0.0896040542981,0.0,0.0,0.0369733775542,0.00550994756511,0.0222409868421,0.029653921294999996,0.0403136094048,0.000346333268557,0.00690328663793,0.332539917261,186.290455173,42.7131354801,143.577319693,229.003590653,154.245408078,39.094067437,115.151340641,193.339475515,203.956211797,47.1899086894,156.766303108,251.14612048700002,69.8655894886,80.13775511919998,-10.2721656305,150.003344608,58.8440163352,68.6883210688,-9.84430473359,127.532337404,77.8441602175,88.23745657299999,-10.393296355499999,166.08161679,4.24560050289,2.9485251552900005,65.9873807465,23.567033488099998,204.883529751,46.9012647469,3.83464715292,2.53041580636,54.355432014099996,58.883787176300004,78.23487705719998,88.36250692649999,0.845485020522,0.237990424177,0.688808381334,0.292123824451,0.558546650047,0.360251625629,0.8908641924129997,0.22586757935,69.786969913,0.338338110992,0.375539762784,1.0,0.0,0.0,0.0,1.0,0.0
12,0.531829682794,0.010820725478700001,0.242431061374,0.212771905637,0.0,0.0,0.0,0.0,0.0,0.00265361377478,0.0,0.00603599670553,0.0,0.00287458365987,0.259652750072,86.0383348755,37.3977024944,48.6406323812,123.43603737,46.5386825907,22.176876301500002,24.3618062892,68.71555889220001,182.917743817,73.9766567939,108.941087023,256.894400611,89.0808128429,37.8075682319,51.273244611,126.888381075,49.6927991526,23.3858088352,26.306990317399997,73.0786079879,186.763580035,63.681163223999995,123.082416811,250.444743259,4.63689877088,3.05427208399,184.83339559599997,23.561587737800004,182.921272695,73.97986261939998,4.64716614381,3.05586565772,184.989582313,21.9362695432,186.767991404,63.6856097441,0.975585051427,0.545139229036,0.817546480229,0.650519200627,0.69200513793,0.7685342978589998,0.988789418383,0.537859399491,70.6856351278,0.147238565514,0.294944881114,1.0,1.0,0.0,0.0,1.0,1.0
13,0.29014369977,0.0,0.0310790820541,0.585150667585,0.143069953785,0.45898497698299995,0.0,0.0,0.00362434780625,0.04644817911619999,0.0,0.0,0.0568146718792,0.0464923344436,0.0,130.420567436,48.678780146899996,81.74178728869998,179.099347582,110.015196161,50.1908447465,59.8243514144,160.206040908,161.378809564,48.2249455957,113.153863968,209.60375516,72.65885212579998,69.7224767337,2.93637539204,142.38132886,65.1092862216,66.0265892414,-0.91730301976,131.135875463,86.5263824941,79.333634028,7.19274846615,165.860016522,4.48277884813,2.98163020642,89.00695613739998,40.9328109958,161.78762207399998,48.0440306285,3.9734742774,2.4461549829400004,67.8099131808,64.9194676551,87.3364395572,79.6471985205,0.96636465998,0.300242456897,0.849257888819,0.341643808777,0.640116956394,0.453266698956,0.971894218423,0.298534237853,135.087453609,1.0,0.54166204997,1.0,0.0,0.0,1.0,1.0,1.0
14,0.461283129533,0.0302849144654,0.0530434247073,0.363542735129,0.158147793061,0.154704201555,0.952381443172,0.542977245244,0.0142186539708,0.0106564371976,0.0268883805172,0.0,0.114868737233,0.046529070337,0.0492753287495,94.162333234,40.187655121300004,53.974678112700005,134.349988355,63.75796338600001,32.5293872713,31.228576114699997,96.2873506573,171.14153673,61.3099799246,109.831556805,232.451516655,119.297778091,67.984803144,51.312974946800004,187.282581235,79.6730750392,52.8559813699,26.817093669299997,132.529056409,124.29964856,73.9987079402,50.300940619799995,198.2983565,4.5925431776,2.98107826462,155.784394346,38.200936252300004,171.40490614799998,61.008364980900005,4.68376592763,2.45452188608,143.010570753,50.96343259060001,159.892308728,70.1194194066,0.949338478351,0.485899539577,0.759488008754,0.607360648511,0.79939627268,0.577039379964,0.99128259385,0.465339684561,38.2739530394,0.361578631766,0.374879947174,0.0,0.0,1.0,1.0,1.0,1.0
15,0.505472411584,0.008708411607199998,0.0,0.393824012021,0.0911284498125,0.0161478790011,0.0,0.0,0.0586606965045,0.00578988310435,0.0,0.0,0.0433052277115,0.0199812646944,0.11254437384400001,86.53036366269998,52.5572743959,33.973089266799995,139.087638059,57.064052034700005,31.2803998041,25.783652230599998,88.3444518388,178.65190294299998,83.6797779124,94.9721250303,262.331680855,86.04848219529998,60.641209071999995,25.407273123299998,146.689691267,61.3570330868,42.2840527427,19.0729803441,103.64108583,144.521900715,81.7539290607,62.76797165439999,226.275829776,4.5527145643,2.83643837922,165.18942379799998,39.2961855509,178.85078100400003,83.3328949048,4.37324520416,2.6888377115,140.060035634,46.7351136224,146.114080256,81.75994729119999,0.945820088206,0.534427654781,0.8614037628909998,0.586800793495,0.7217178178899999,0.700374022997,0.998817961772,0.506070606387,91.5138836377,0.380777129752,0.300051384988,1.0,0.0,0.0,1.0,1.0,1.0
16,0.0,0.0,0.946555097597,0.0589736423566,0.0,0.0,0.0,0.0,0.0,0.0,0.0,0.0010511067440599998,0.0,0.000994930446708,0.0,0.0,0.0,0.0,0.0,0.0,0.0,0.0,0.0,0.0,0.0,0.0,0.0,53.4303273168,41.2264413466,12.2038859702,94.6567686634,47.086865081300004,31.353157723800003,15.7337073575,78.4400228051,148.98655160200002,74.9901367421,73.99641485959998,223.97668834400002,3.14159265359,0.0,0.0,0.0,0.0,0.0,4.2024889392,2.37937922401,181.8394519,25.993903258899998,148.98913536,74.99172046529999,0.0,0.0,0.0,0.0,0.0,0.0,0.0,0.0,0.0,1.0,1.0,0.0,1.0,1.0,1.0,1.0,1.0
17,0.402008588996,0.013900802043000001,0.10624380532,0.493535851351,0.0452348984265,0.0120284993631,0.0,0.36232770835999994,0.00533760555837,0.263359658787,0.0,0.0,0.0,0.105872844828,0.108588511418,145.881556246,65.8887776414,79.992778605,211.77033388799998,145.477749994,68.638264206,76.83948578829998,214.1160142,193.219710731,67.76488703300001,125.454823698,260.984597764,82.2372281544,73.5074373659,8.72979078852,155.74466552,82.31895633329998,74.5212520374,7.79770429585,156.84020837100002,107.64033111299999,91.75837635600003,15.8819547569,199.39870746900002,3.92055968963,2.35013209396,77.6219589125,39.4362816827,193.232122092,67.7668020487,3.66555825399,2.48365606562,51.070508424799996,43.6012445331,107.681839611,91.73878050100001,0.949450637315,0.423411784875,0.7832429777349998,0.513261657524,0.555895073442,0.72317350558,0.945295193186,0.425273070141,203.79244474,0.318949030372,0.278004748627,0.0,0.0,0.0,1.0,1.0,0.0
18,0.7854816507809999,0.007657308858099999,0.159229064863,0.0722335231114,0.0,0.0,0.0,0.0,0.0,0.00706985650057,0.0,0.0,0.0,0.00555324255486,0.346810827119,124.20449256299999,34.091434403600005,90.11305815940001,158.295926967,62.6500790012,23.428681397,39.2213976043,86.0787603982,211.713482359,35.9729960914,175.74048626799998,247.68647845,111.165100289,40.072365285100005,71.0927350039,151.237465574,56.756829814899994,23.871559994299997,32.8852698205,80.6283898092,188.396539479,58.590832436499994,129.805707042,246.987371915,4.51777150888,3.06065188075,179.687310767,21.446631644100002,211.826796597,35.9997560882,4.49489083663,3.03146638807,174.12320606400002,28.4037055825,188.553193574,58.4808310245,0.9940850342980002,0.790155392829,0.797371829382,0.985088288597,0.555129317343,1.4149525637399998,0.999296215255,0.786034850118,222.342874118,0.298961788331,0.465941427001,1.0,1.0,1.0,0.0,1.0,1.0
19,0.308265203858,0.0202908906509,0.230873132952,0.216844139448,0.112876771006,0.0,0.0,0.0567431282156,0.0133678416093,0.0159389567263,0.00232697659889,0.019279704378900003,0.0430869944167,0.014599456308799998,0.287316173328,103.311750671,42.745884152399995,60.5658665184,146.057634823,71.6107893512,32.298705108,39.312084243200005,103.909494459,182.582949697,69.6276739299,112.955275767,252.21062362599997,82.73831798589998,37.964559334,44.773758651899996,120.70287732,61.70153005,30.050405479400002,31.6511245706,91.75193552930003,128.490650715,65.6626193545,62.8280313606,194.15327007,4.57697298759,2.94874973507,149.309077589,32.0703250093,182.739463602,69.3812652976,4.42895144768,2.78885767019,122.863146552,38.315265783499996,129.135279928,65.0078210717,0.842819297862,0.365754800157,0.684871648176,0.450106534091,0.564371198499,0.546210020422,0.897338891891,0.343532645964,224.41319018099998,0.530499811889,0.578238052699,0.0,0.0,0.0,0.0,0.0,0.0
20,0.628344262862,0.0037899436812300004,0.132249660493,0.18664448587,0.0,0.0,0.0,0.0,0.0,0.0022996074389,0.0,0.0,0.000295234224941,0.0015000489811900003,0.123703557139,67.7942875481,31.8226135182,35.9716740299,99.61690106629999,60.133125218800004,25.311763744,34.8213614748,85.4448889628,182.43908274,60.056161914300006,122.382920826,242.495244654,58.2738936373,38.7187138278,19.5551798095,96.99260746520001,51.6150262049,31.6656128234,19.9494133816,83.2806390283,148.072394201,78.2653299637,69.80706423689999,226.337724164,4.40930734928,2.48594261742,175.609581048,19.9113366228,182.480827207,60.0766362502,4.32399116226,2.46398182159,172.83993559,27.7719324172,148.103687059,78.2787732747,0.981055098699,0.640478056426,0.8074573302859998,0.778176430251,0.601700597367,1.04428060336,1.00141207696,0.627458243534,195.2248727,0.318242608618,0.408962045901,1.0,1.0,1.0,1.0,1.0,1.0
21,0.7352877909099998,0.007706794267469999,0.0,0.243713288117,0.0,0.0,0.0,0.0,0.0,0.00182763458665,0.0,0.0,0.000229155178942,0.0013439214341700002,0.13405304085,70.97009680800001,39.6712886241,31.2988081839,110.641385432,35.77911309240001,22.6328985141,13.146214578299999,58.412011606499995,153.320385402,54.377084713,98.9433006893,207.697470115,57.994033478599995,42.310225438,15.683808040699999,100.30425891700001,28.5190016409,23.841871632600004,4.67713000829,52.3608732734,123.275831456,70.8102128707,52.465618585,194.08604432599998,4.59372987768,2.97067731243,202.13438763099998,27.3017518077,153.35406028,54.415225628900004,4.53231027177,2.91621180886,205.641182161,30.606498461799998,123.314376592,70.8272556941,0.994761540136,0.739159850118,0.8480311573269999,0.867052801724,0.572747110271,1.28379135874,1.02762233615,0.715523364028,194.554983,0.394251374837,0.353529518249,1.0,1.0,1.0,1.0,1.0,1.0
22,0.935164713662,0.00703938952148,0.0641600542059,0.0,0.0,0.0,0.0,0.0,0.0,0.000166951922737,0.0,0.0,0.0,0.000156127547022,0.212721525977,51.5703327988,19.9020511152,31.6682816837,71.47238391400002,28.1081776236,12.669269227100001,15.4389083965,40.7774468507,165.646316961,42.4318548167,123.214462144,208.078171777,49.3090437647,21.285471438,28.023572326700002,70.59451520270001,26.7391751567,13.4420034331,13.297171723699998,40.1811785898,159.47695435,47.5772101854,111.899744164,207.054164535,4.72834672801,3.02047307782,211.684898066,14.9539091615,165.64996891299998,42.433169364099996,4.71784789869,3.00525268876,213.068870616,16.0807081688,159.480370788,47.578749973,0.993909740087,0.940895008817,0.938517629492,0.996427434365,0.560050442998,1.66978657968,1.02747365437,0.910159311324,296.40019271200003,0.15766486704,0.356359099373,1.0,1.0,1.0,1.0,1.0,1.0
23,0.378641398994,0.0129111266217,0.197830916906,0.399503469151,0.124192028785,0.014367190673799999,0.0,0.108514682128,0.19119165308,0.0,0.0,0.0,0.00235254433724,0.00093984962406,0.222022473004,96.8667027696,23.1915720032,73.6751307664,120.058274773,74.25932229609998,15.0742418522,59.185080443900006,89.3335641484,172.697044716,40.7847093077,131.912335408,213.48175402400003,129.672256814,57.8002988837,71.8719579303,187.47255569799998,87.7951862077,30.2585638622,57.5366223455,118.05375007,134.500631461,54.106164183500006,80.3944672779,188.606795645,4.69897459227,3.0420036086400004,143.24547423799999,16.8442021963,172.79367167,40.702551756700004,4.96363132678,2.37240142299,136.07744948299998,30.5447404107,170.89846687,47.9184676367,0.999339742874,0.37889156485,0.883012489927,0.428806390977,0.56032732484,0.675750373412,1.02037930689,0.37107906485,73.8315134325,0.722121755276,0.694073559448,1.0,0.0,0.0,0.0,0.0,0.0
24,0.656674215533,0.0,0.8941906506429999,0.0,0.102932256612,0.0,0.0,0.00187055819459,0.0,0.012876062337799999,0.0,0.0101543091693,0.0,0.00907988832288,0.0,81.7767457236,63.469338268,18.3074074556,145.246083992,42.1879347431,42.8978611919,-0.709926448736,85.08579593499998,154.085244574,77.5915808518,76.4936637218,231.676825425,60.0065665409,63.180844818599994,-3.17427827769,123.18741136,30.7771417026,40.128530395300004,-9.3513886927,70.9056720979,119.29289834,85.1185240116,34.1743743279,204.411422351,4.53741299518,2.93606243759,201.621993463,44.235697399799996,154.087260571,77.59327268379998,4.38963141173,2.71148864765,210.534770523,49.4138742458,119.298136266,85.1234671321,0.979410511328,0.67047903605,0.885476047674,0.741605848354,0.627833896411,1.04593622499,1.0269172006899998,0.639461696708,183.270942986,1.0,0.223777839443,0.0,0.0,0.0,1.0,1.0,0.0
25,0.460762092112,0.00391945571332,0.359034148534,0.154284197515,0.273333955202,0.0,0.0,0.10737330341600002,0.897936529205,0.0168094359208,0.0124969370252,0.000400748089851,0.0,0.007745150862069999,0.260589273712,174.619078258,51.57905514310001,123.040023115,226.19813340099998,94.744657,33.9983369485,60.7463200515,128.742993948,205.50985022400002,49.321520165100004,156.188330058,254.83137038900003,134.416199304,56.789366361899994,77.6268329426,191.20556566599998,77.8394029193,31.762495703200003,46.0769072161,109.60189862200001,152.371363147,65.3504324093,87.02093073719999,217.721795556,4.19412771903,3.00532361876,138.726057655,24.1956480908,206.047174943,49.5257520892,4.11042293447,2.95526659065,120.757980873,27.0877289208,153.80934071299998,64.7285051719,0.927235383748,0.496920307602,0.781772247556,0.589381490008,0.612346027858,0.752453794341,0.954835386416,0.482556573276,87.01234553219999,0.65807769948,0.636423333721,0.0,0.0,1.0,1.0,1.0,1.0
26,0.421609469121,0.00799195363882,0.397514924857,0.110753580429,0.0,0.0,0.0,0.0,0.0,0.00113272269576,0.0,0.0,0.0612797914296,0.0072645229232,0.354871086305,63.266789868500005,27.5595837541,35.7072061144,90.8263736226,33.1043446751,16.2289463002,16.875398375,49.333290975299995,127.973518861,42.0076750156,85.9658438452,169.981193876,55.68668262640001,33.6960958706,21.9905867558,89.3827784969,31.307363097600003,25.6514205805,5.65594251705,56.958783678100005,103.758173736,46.2684251449,57.4897485914,150.026598881,4.59872237573,3.00314768787,188.998550567,20.579297026400003,128.165865855,42.1963545727,4.55223590908,2.95610198072,181.96179467099998,31.8408520561,103.963475338,46.4774916855,0.9843490700880002,0.428312965321,0.80913507441,0.521061912226,0.678269497896,0.621595796993,0.994908924227,0.423766898511,71.7229199767,0.339831518446,0.51932517811,1.0,1.0,1.0,1.0,1.0,1.0
27,0.451289886056,0.00653650395307,0.0,0.159735551989,0.045227503227,0.00737379632797,0.0,0.0,0.00373551251633,0.00486307706959,0.00187337113135,0.0,0.375018535516,0.0642143416928,0.0891252797861,93.03276513360001,38.140917693,54.8918474406,131.17368282700002,72.49455042719998,35.3514474183,37.143103008800004,107.845997845,123.72607265200001,45.7115102229,78.01456242909998,169.437582875,95.38146551720001,52.1659188345,43.2155466827,147.547384352,87.2079741379,53.6554747984,33.552499339499995,140.863448936,120.36329655700001,54.398144584799994,65.9651519718,174.76144114099998,4.5148856354,3.0058557093,110.875275863,25.725183721999997,124.17259914200001,45.6469841454,4.18345449705,2.49298327044,86.65728778899998,44.0922453982,121.814401082,55.4077543263,0.9632424368450002,0.468511216693,0.828331773238,0.544817789969,0.654963545597,0.689030540845,0.992884558267,0.454524025274,71.0031672248,0.15330429093,0.179587110975,1.0,1.0,1.0,1.0,1.0,1.0
28,0.549184655249,0.00694580903482,0.0,0.0,0.0,0.0,0.0,0.0,0.0,0.000245269554738,0.0,0.0,0.0,0.000241844631661,0.339823788034,119.105611975,41.750382396599996,77.3552295786,160.855994372,59.985426115,20.4190163299,39.5664097852,80.4044424449,187.560396205,56.3036204458,131.256775759,243.864016651,112.310745861,48.9350203541,63.375725507,161.245766215,56.3578780123,22.2085858338,34.1492921786,78.56646384609999,163.553707876,70.776096791,92.7776110851,234.32980466700002,4.4611821539,3.03556136797,172.265251384,17.5665356255,187.567457778,56.2931927472,4.35896847853,2.97998878912,161.522415018,23.166251826999996,163.89314447,70.2972203706,0.981617161567,0.559469288793,0.7805732331919999,0.703565830721,0.554558985127,0.990308821925,0.99465764061,0.552134355408,199.65568250099997,0.320717049187,0.33633658624,1.0,1.0,0.0,1.0,1.0,1.0
29,0.746751898741,0.015236415883,0.07882561111239998,0.080047727849,0.0,0.0,0.0,0.0,0.0,0.0024433140057800004,0.0,0.0,0.0,0.00182454937304,0.0314334002729,64.8356275967,41.5163071433,23.319320453400003,106.35193474,48.730734123299996,30.8392441392,17.8914899842,79.5699782625,189.291463539,68.6929095215,120.59855401799999,257.984373061,52.8928720121,42.939040960700005,9.953831051480002,95.83191297280001,40.0071298246,31.966124222399998,8.041005602289998,71.973254047,155.654321366,87.561330993,68.0929903726,243.21565235900002,4.61869015302,2.76630881688,197.20652053799998,28.6896509809,189.30508585599998,68.7018514465,4.48713771625,2.59758406542,200.35486566900002,38.1339887284,155.672444406,87.55671440309999,0.975864477426,0.765220905172,0.815555397346,0.9156360207680002,0.650498986781,1.14796781227,0.9857589793510002,0.7575400421239998,154.590019913,0.402723276072,0.403811568506,1.0,1.0,1.0,1.0,1.0,1.0
30,0.483962537552,0.00298151392218,0.513382105634,0.0,0.0,0.0,0.0,0.0,0.0,0.00795120394005,0.0,0.0,0.0,0.00384808483542,0.38402197835,60.3230705116,43.4507404343,16.8723300773,103.773810946,52.4884038113,36.115483172800005,16.3729206385,88.6038869841,181.868902766,69.044430644,112.824472122,250.91333341,39.673365865,37.784606546,1.8887593189900003,77.457972411,34.5530588754,31.854576001599998,2.69848287376,66.407634877,127.656494906,76.2643031332,51.3921917727,203.920798039,4.31106185357,2.43008456602,192.074363362,32.3843145793,181.883021513,69.0537332399,4.20677028705,2.3989304796,200.78808287599998,30.8018153919,127.67749865299999,76.2529163416,0.9018161143790001,0.536653237657,0.784932184736,0.616566051136,0.564528307391,0.8572865721989998,0.949279835391,0.50982072884,152.151696552,0.373564350669,0.310111959524,1.0,0.0,1.0,1.0,0.0,1.0
31,0.518957773891,0.00329432125515,0.15367594236,0.00936543186044,0.172271147389,0.0,0.0,0.0052620979271,0.0,0.00466609763432,0.018585463980599997,0.0,0.0,0.00242150764107,0.153505046559,93.1322834274,33.4940601952,59.638223232200005,126.626343623,62.1766352717,23.064461227,39.1121740446,85.2410964987,203.98541841,40.4139784108,163.571439999,244.39939682099998,72.8406825529,38.8879563113,33.9527262416,111.72863886399999,50.1387728987,26.292395271700002,23.846377627,76.4311681704,150.744991673,68.9603290889,81.78466258429998,219.705320762,4.71978060986,3.05723368148,178.27583605400002,19.7420639407,204.079432532,40.4506621785,4.66144708003,2.98049091484,169.795849456,25.792503944699998,150.828804614,68.9852384983,0.967522989928,0.536377718456,0.828360537652,0.626487803683,0.508613067711,1.02033904915,0.996143254307,0.520967011168,179.271447831,0.26002799286999995,0.320427446779,1.0,1.0,1.0,1.0,1.0,1.0
32,0.7756811026719997,0.042066043453,0.219174407616,0.0151861021152,0.0,0.0,0.0,0.0,0.0,0.008974631170629998,0.0,0.0,0.0,0.00696145180251,0.335993525426,135.57004251700002,46.5709872861,88.99905523079998,182.14102980299998,77.7656362159,30.121247051399997,47.6443891645,107.886883267,168.88518454200002,47.1120195829,121.77316496,215.997204125,122.545791291,49.164616448000004,73.3811748432,171.710407739,72.0281856142,29.6266623944,42.4015232199,101.65484800899999,152.01289123700002,53.4374306447,98.5754605925,205.450321882,4.28030677257,2.9850585746900005,138.515149125,21.3027430331,169.337528496,47.499932541999996,4.28491011613,2.97599734936,132.876200039,23.102967396999997,152.437013249,53.743849662200006,0.949319189663,0.8170919866769999,0.894213943853,0.867444651254,0.558001034204,1.39010692656,0.964143948625,0.804528311129,154.14224014200002,0.5195255758,0.461914891839,1.0,0.0,0.0,0.0,0.0,0.0
33,0.600491552665,0.00848980903098,0.181998823971,0.0569678745813,0.134969077021,0.000920844314675,0.0,0.0138683313273,0.0,0.00296195591491,0.0,0.0,0.0,0.0017786295062699998,0.178032293246,78.87169013729999,38.190280367199996,40.68140977,117.061970504,41.159499859899995,23.7639357548,17.3955641052,64.9234356147,152.809249026,47.965708315200004,104.843540711,200.77495734099998,57.0099707337,41.4804010708,15.529569663,98.49037180450001,30.3225166536,23.7558521592,6.56666449442,54.0783688128,112.79967917299999,63.3951983299,49.4044808433,176.194877503,4.60207183004,3.03151954676,191.457954111,25.5430284396,152.917945453,48.0708332213,4.560611711469999,2.95461980157,192.833289454,28.7498026075,112.87387343299999,63.4709245392,0.947192856379,0.633969680643,0.890040150223,0.674679173197,0.564987574796,1.06284028084,0.975561345552,0.615534384796,93.95139792629999,0.39752027780199994,0.41348412467,1.0,1.0,1.0,1.0,1.0,1.0
34,0.0738766259835,0.00291926699167,0.0254728605784,0.635002739585,0.00739138180743,0.00219395676308,0.0,0.277956659849,0.00121038300733,0.00298356019333,0.0,0.0,0.151158238153,0.09620824353450001,0.12283395317500001,85.7169897095,22.848004813299998,62.8689848962,108.564994523,61.3633921561,20.4856053805,40.8777867756,81.8489975365,98.5613505807,21.818752216900002,76.7425983638,120.380102798,80.4581118975,67.0156577324,13.4424541651,147.47376963,77.2017596493,67.3033992713,9.89836037796,144.505158921,84.0081829203,66.4022217137,17.6059612066,150.410404634,4.25541115881,2.98867549829,101.579369343,27.024213007100002,99.4693970327,22.8106466781,3.9399782630300004,2.29904895831,40.5202843358,52.5227004283,86.26002277629999,67.6490075268,0.986963442692,0.07485244416139998,0.855298356805,0.0863752693966,0.322100615996,0.22935884725000003,0.959341806291,0.0770076165752,575.3693277790001,0.832167065899,0.8169776690360001,0.0,0.0,0.0,0.0,0.0,0.0
35,0.471314873667,0.0068588674204,0.024980191430000003,0.269568802247,0.10819863505699999,0.00235007054516,0.0,0.0,0.012481725142899998,0.000883358766407,0.0,0.0,0.0215316873151,0.00622061128527,0.341840535046,104.72575201,43.5253101492,61.2004418608,148.25106215899999,54.832267594399994,25.3733094635,29.4589581309,80.2055770579,159.642617895,55.2701368696,104.372481026,214.912754765,80.83072100309998,49.9482794665,30.8824415367,130.77900047,43.9030631612,31.8835684196,12.0194947416,75.7866315809,110.62500612299999,68.2000118965,42.424994226100004,178.82501801900003,4.45666625216,3.03954810736,172.557306952,22.932023843899998,159.668040142,55.300586587,4.2307629851,2.80431564124,154.63195839,49.330901324799996,112.375104085,67.8792997561,0.9525502012200001,0.494792687108,0.75127034291,0.627357219828,0.68532990863,0.687719691978,0.979961499704,0.480952439263,85.92906976440001,0.675848371224,0.52144439607,1.0,1.0,1.0,1.0,1.0,1.0
36,0.35784790331699995,0.007298125461,0.0578308919571,0.463641345792,0.210118541686,0.388419665391,0.0,0.0546432376282,0.0113540985161,0.07490875613349998,0.556519507694,0.00344082691115,0.168756767694,0.10509832974099999,0.298542758518,164.81995559700002,36.7798397417,128.040115856,201.59979533900002,149.28461275700002,34.6473642254,114.637248532,183.931976983,189.373093673,47.29173176770001,142.081361905,236.66482544,136.30947235,57.772491719899996,78.5369806302,194.08196407,128.237898584,55.6380101301,72.5998884544,183.875908715,151.50443585899998,62.4941423483,89.0102935109,213.998578207,4.45517966015,2.92754041931,51.245026043900005,22.6177152909,189.51370506400002,47.173927480100005,4.42848444853,2.67472880217,43.527506000200006,22.314318463000003,153.182586574,63.0592419867,0.9161911550320002,0.390582141458,0.771979690304,0.463545748433,0.557561769029,0.641808537088,0.929301867504,0.38507175744499994,89.56541473059997,0.692123818335,0.506940042508,1.0,0.0,0.0,0.0,1.0,0.0
37,0.334734147382,0.012329658303399998,0.12443082175100001,0.324643109595,0.0585180572523,0.114784665218,0.171488188723,0.0122285643386,0.000897237648496,0.0267101406175,0.007545079145919999,0.000196820974632,0.0961270159835,0.0406115301724,0.323118375132,125.328353851,43.9778322162,81.35052163429998,169.306186067,114.748674521,44.0069459552,70.7417285654,158.755620476,165.642471916,43.645702114399995,121.996769802,209.28817403099998,89.86338227369998,59.5591064309,30.304275842800003,149.422488705,84.8238115938,58.13002901390001,26.6937825799,142.95384060799998,117.857198398,66.8924310895,50.9647673089,184.74962948799998,4.67091018929,2.991335115,87.3711707108,40.584649296799995,165.728370276,43.696694584300005,4.37597413803,2.54329525029,87.0260059512,56.2765244651,118.40698471799999,66.8807077549,0.945701193097,0.353953394397,0.817291049557,0.409565414381,0.652705013534,0.512841391503,0.941167154255,0.355658552116,66.393044342,0.521179965075,0.341647929199,1.0,0.0,0.0,0.0,1.0,0.0
38,0.407873534406,0.008907097566689998,0.148866685683,0.431832443989,0.0,0.0,0.0,0.0,0.0,0.0749581542249,0.00137477979936,0.0,0.012413099546,0.0359521943574,0.225126973686,177.01774979400003,40.9286861417,136.08906365200002,217.94643593599997,156.203492992,38.3197421087,117.88375088299999,194.5232351,185.84217075200002,35.7442299102,150.097940842,221.58640066200002,117.62515612799999,72.53728442259998,45.087871705,190.16244055,104.899071194,65.0020844808,39.896986713400004,169.901155675,122.151645768,75.1241914,47.027454368,197.27583716799998,4.15433179414,2.8358978525,45.0327336781,21.258081626099997,187.571239038,36.332368451,4.02406791145,2.55072382987,38.780233640300004,26.1722805121,124.41924226100001,75.37299600109999,0.899011054277,0.453691345024,0.831623102521,0.490454790361,0.563729255971,0.7235273494959998,0.919307642052,0.443674691418,86.4379020096,0.314865462178,0.176553753695,1.0,1.0,1.0,1.0,1.0,1.0
39,0.666877273784,0.00186698773357,0.0,0.0498091774425,0.0,0.0,0.0,0.0,0.0,0.00164800259547,0.0,0.0,0.0,0.00109901547806,0.0886993899429,72.7281520448,16.0350256649,56.6931263799,88.76317770969999,47.359303984099995,14.548878954100001,32.81042503,61.9081829382,140.90690283,48.8411533796,92.0657494506,189.74805621,65.9386755486,17.6772846923,48.261390856300004,83.61596024089998,41.4365969093,15.4591740192,25.9774228901,56.895770928500006,108.97319810399999,62.1111490574,46.8620490471,171.084347162,4.58763934449,2.94427876249,163.823134181,24.2841816946,141.280901298,48.1484450659,4.43819966088,2.59217993165,149.25873395899998,32.3171729406,113.258259453,57.096944323900004,0.96496313492,0.691090933582,0.875588695557,0.7616330329149998,0.634601606107,1.0508597321,0.977309980597,0.682360036246,96.82087975610001,0.4797037444,0.436726063229,1.0,1.0,1.0,1.0,1.0,1.0
40,0.470573240807,0.00789866127681,0.315692889372,0.163227514752,0.0799559121258,0.007604699803209999,0.0,0.021978670126900003,0.0125627298033,0.000676574261641,0.0,0.0,0.0135598313908,0.00253171532132,0.0943950184949,97.767020247,39.7023181871,58.0647020598,137.469338434,57.63463874399999,25.8053921121,31.829246631900002,83.44003085609998,195.745649533,53.8667796649,141.87886986799998,249.612429198,88.9591129506,50.4705163525,38.4885965981,139.42962930299998,53.844818402200005,34.635146315,19.2096720872,88.47996471719999,149.203183165,70.8499177864,78.3532653787,220.053100952,4.64230581462,3.04803442176,182.521354475,24.4005045273,195.78860531700002,53.8868084697,4.50190587755,2.94253917925,166.210196659,38.1087678504,150.22753294,71.632175035,0.950328114677,0.495169230016,0.8509403823529998,0.553003771552,0.628545181176,0.7486705091369998,0.991738964548,0.474493044671,145.853739397,0.360807533155,0.412666853892,1.0,1.0,1.0,1.0,1.0,1.0
41,0.556480391677,0.010831878303799999,0.336790517049,0.0,0.0296305833756,0.0425933616856,0.0,0.0,0.0,0.00244804561177,0.0,0.0,0.0,0.00136228938088,0.127223360976,23.670575769099997,37.5423335328,-13.871757763800002,61.2129093019,8.08383706949,23.168713758600003,-15.084876689100001,31.2525508281,135.397064879,83.5229130294,51.8741518496,218.919977908,16.7852909483,31.167393029699998,-14.382102081400001,47.952683978,5.53064998041,18.1726190425,-12.641969062100001,23.7032690229,94.1371503967,86.3113949639,7.82575543288,180.448545361,4.19752774076,2.38135412715,244.195619829,29.4809422104,135.411054195,83.51384913529999,4.04768088665,2.3320118471,224.05734779099998,73.3764207058,94.1964880486,86.25615115469999,0.952638203619,0.584146625196,0.792076772145,0.702558654976,0.616171889309,0.903125250165,0.9657312345850002,0.57622697884,124.57599410799999,0.257604019287,0.22173185654,1.0,0.0,1.0,0.0,1.0,1.0
42,0.495073956797,0.00355972007729,0.449966961706,0.0146318343168,0.0,0.0,0.0,0.0,0.0,0.0023373894480700004,0.00532519434093,3.03887108314e-05,0.0,0.00116330329154,0.143452445704,119.48839851299999,48.2288025056,71.25959600770001,167.717201019,72.8008545214,28.9556008549,43.8452536665,101.756455376,202.633420185,57.420347357299995,145.21307282799998,260.053767542,83.92171887249998,61.678004691400005,22.243714180999998,145.599723564,52.8196175793,38.0049976189,14.8146199604,90.8246151983,147.727970709,88.3828150552,59.3451556541,236.110785764,4.55408800999,2.98125714819,167.355336437,24.912341972600004,202.69671898299998,57.443551238299996,4.43934552613,2.7928253916,180.371133547,41.9836900094,147.760846273,88.409165572,0.9728855800620002,0.50887171826,0.7997491663770001,0.619036539969,0.596117576641,0.830497163976,0.981446803123,0.504432797806,94.00500901900001,0.348108539504,0.326317238624,1.0,1.0,1.0,1.0,1.0,1.0
43,0.676251577482,0.00973692058132,0.0663591776346,0.113499036223,0.0,0.0,0.0,0.0,0.0,0.00442278301244,0.0,0.0,0.0,0.00299091398903,0.220081666373,107.92628466,37.4958556559,70.43042900419998,145.422140316,36.63443938,22.6266859704,14.007753409500001,59.2611253504,133.303932208,51.262699676800004,82.0412325315,184.566631885,110.06086831399999,51.1011540343,58.9597142798,161.162022348,39.4618099775,27.9248116246,11.5369983529,67.386621602,106.70910988899999,61.3988245342,45.3102853551,168.107934423,4.09954197563,2.91287496986,189.107222313,28.1312143254,135.929097256,49.290791595900004,3.98779876434,2.62906838612,189.873597913,31.5053606935,129.551537397,58.247284591,0.972171351278,0.695609448472,0.869051663909,0.778148878331,0.651625634462,1.03779155042,1.00018398583,0.676127179663,81.71692078409998,0.456375879187,0.322501545778,1.0,1.0,1.0,1.0,1.0,1.0
44,0.795793284006,0.00635928328032,0.0,0.177901619357,0.0,0.0,0.0,0.0,0.0,0.00101942425995,0.0,0.0,0.0,0.000811250979624,0.210022547869,60.9285011303,31.0449151665,29.8835859638,91.9734162967,31.9887857725,21.508733084899998,10.4800526876,53.497518857399996,154.941845177,60.9265287814,94.0153163954,215.868373958,58.4157401058,29.2593592913,29.156380814499997,87.67509939709998,31.303484399499997,19.8112801511,11.492204248399998,51.11476455060001,142.35440340899999,62.8497248471,79.504678562,205.204128256,4.66465002813,3.01543991187,204.264704978,22.257518862199998,154.95199065,60.908424687600004,4.63357813109,2.9851502151599996,197.527349873,26.3722440057,142.41209100700001,62.757253714799994,0.994402178079,0.800273070141,0.910771748735,0.8737571022729999,0.532148187712,1.49543548655,1.03501256577,0.768873065243,464.905455458,0.45397778781900006,0.487793243936,1.0,1.0,1.0,1.0,1.0,1.0
45,0.17864656565,0.0,0.10332560679099999,0.380144441691,0.065492462659,0.0113796507749,0.0,0.029348619954,0.0170905742675,0.0386010861129,0.0,0.176771187053,0.128003324049,0.0756851244122,0.0,166.678994411,41.9125224496,124.76647196200001,208.59151686099997,150.465623024,39.5538876109,110.91173541299999,190.019510635,173.500640883,42.1589058172,131.341735066,215.6595467,108.64171177,66.0036713541,42.638040416100004,174.645383124,105.403733591,62.74729711689999,42.6564364744,168.15103070799998,113.73067998100001,66.221460728,47.509219253400005,179.95214070900002,4.22142386093,2.79333765039,39.8135457078,19.4466306949,175.519662297,42.1912795858,4.00799610091,2.43640132936,31.1013971885,21.6042704204,116.183152919,67.4219977441,0.950562338926,0.187937769397,0.8054654596139998,0.221792956505,0.54751886293,0.326283855672,0.9714338218970001,0.183899882445,195.060336914,1.0,0.265774393213,1.0,0.0,1.0,0.0,1.0,1.0
46,1.0,0.00766743374982,0.0,0.0,0.0,0.0,0.0,0.0,0.0,0.00318667763158,0.0593731457628,0.0,0.0,0.00318667763158,0.0704887218045,105.03622826600001,31.8028142025,73.2334140634,136.839042469,62.8583617246,20.3020508472,42.556310877399994,83.16041257189998,186.01080827099997,44.921005495,141.089802776,230.93181376599998,105.03622826600001,31.8028142025,73.2334140634,136.839042469,62.8583617246,20.3020508472,42.556310877399994,83.16041257189998,186.01080827099997,44.921005495,141.089802776,230.93181376599998,4.58318919289,3.05136212118,166.82793409299998,20.965503136800002,186.018312383,44.9300080558,4.58318919289,3.05136212118,166.82793409299998,20.965503136800002,186.018312383,44.9300080558,1.01569118788,0.9845512218050002,1.00779943465,0.992260925752,0.586089124572,1.70622514235,1.06730196546,0.936941964286,114.582130279,0.229158165883,0.299704372593,1.0,1.0,1.0,1.0,1.0,1.0
47,0.210086895995,0.00358800431419,0.12128781395999999,0.523073598562,0.167615016961,0.0527816900744,0.364297640119,0.0381698603724,0.0120661846169,0.00483026334158,0.000853210917085,0.00106008693505,0.0935886182722,0.0502057210031,0.0618964349436,123.757559481,27.2233114307,96.5342480508,150.980870912,98.2423679359,24.2179910302,74.02437690569998,122.460358966,166.937419252,33.3640216839,133.573397568,200.30144093599998,78.06916756469998,64.492595518,13.5765720466,142.561763083,69.5993369171,62.2607642749,7.33857264218,131.860101192,93.9567710374,72.6696859009,21.2870851365,166.626456938,4.55711402284,3.06069525384,106.08804273700001,23.652100341799997,167.031442798,33.4060768684,4.17954416182,2.5109876588900004,82.3881943084,63.4328457145,94.84745114130001,73.0052977304,0.919120673649,0.228573790165,0.699096869504,0.300511853448,0.524589617067,0.400478562975,0.927656128823,0.226470660266,116.84623589700001,0.632249991866,0.626977426383,1.0,1.0,1.0,1.0,1.0,1.0
48,0.183735387278,0.0063553695871,0.117239662568,0.587208970089,0.0434248153121,0.0,0.0,0.00930374487558,0.0006187527996189999,0.0735276149261,0.06615034426740002,0.00190318301369,0.0127551805852,0.0226599235893,0.180469762866,155.289455788,59.130589435299996,96.1588663527,214.420045223,136.134186999,57.964378463100005,78.16980853619998,194.098565462,204.00132694200002,56.249220022799996,147.752106919,260.250546965,69.0371216203,71.3822877861,-2.34516616577,140.419409406,60.6525519201,64.9852970101,-4.33274509003,125.63784893,88.1652319259,88.7253598642,-0.560127938308,176.89059179,4.58034192809,2.94939004531,98.22217983380001,54.0817617166,204.41773789599998,55.952700354799994,4.04183946073,2.37653224657,64.7254726685,61.1002154379,88.85877191909998,88.63473127759998,0.838747665032,0.21905919377,0.723503907741,0.253952169867,0.48179943974,0.381352430333,0.886899554715,0.207165948276,179.791409485,0.648370231818,0.58352192709,0.0,0.0,0.0,0.0,1.0,0.0
49,0.450904387274,0.0162147671569,0.139066581766,0.372328880367,0.0578784685406,0.128360845834,0.0494259783837,0.0,0.0,0.0135514396787,0.00065894394238,0.0,0.108449469389,0.0464892731191,0.09288452502960001,105.170824556,68.7013911263,36.4694334296,173.87221568200002,88.0898727232,62.9037971574,25.1860755658,150.99366988100002,133.25575251799998,72.6569349331,60.598817585,205.91268745099998,91.67166070729999,68.3122200111,23.359440696100002,159.983880718,82.9505841007,66.0402681203,16.9103159804,148.990852221,109.694259404,72.9235289298,36.7707304746,182.617788334,4.49320290407,2.94945065743,121.55315618,72.0314582429,133.332125367,72.6710874286,4.45839593971,2.71931078327,96.0856252449,75.9350427384,110.946941125,72.4284227048,0.92209938729,0.488997599922,0.7795794529859998,0.578394396552,0.565356934324,0.797557012037,0.9512194436300002,0.474027723354,121.31847676,0.3617497638,0.397944676796,0.0,1.0,0.0,1.0,1.0,1.0
50,0.235184642284,0.00407576333825,0.0314563812888,0.23534504368,0.00785729137854,0.0333346588232,0.11025625920499998,0.0,0.0,0.0218583324217,0.0219499263623,0.0186468292299,0.236793779021,0.06007236971,0.053990504762,128.581355514,32.6689213309,95.9124341834,161.250276845,109.21054202399999,32.7852271284,76.4253148957,141.995769152,165.324539662,31.1942583612,134.130281301,196.518798024,81.0369012049,64.9519638029,16.084937402,145.988865008,74.30121901939998,59.5579306083,14.743288411099998,133.85914962799998,98.10342072389999,67.02750029100001,31.0759204329,165.130921015,4.57423057562,3.03794347653,89.1555221053,23.6064462406,165.516226983,31.4029509537,4.04088165032,2.42989607737,77.70898131369998,52.734230687200004,99.47230725899999,68.7100492958,0.944044760375,0.249124461207,0.775613069256,0.303224186912,0.667653609502,0.352255479393,0.9590831004200001,0.245218211207,59.5413289679,0.666218265359,0.660539773656,1.0,1.0,1.0,1.0,1.0,1.0
51,0.349917236193,0.0,0.421233346395,0.17227953902,0.064906705237,0.185486034074,0.0,0.138379829542,0.00367543326441,0.0197460101937,0.0,0.00825522594996,0.323901458752,0.0621754996082,0.0,108.580707048,39.7709258465,68.8097812013,148.351632894,92.0707571027,39.624036714,52.4467203887,131.694793817,126.44663132,38.3456920894,88.10093923069999,164.79232341,99.380161393,50.488644567899996,48.891516825100005,149.868805961,90.3175695533,50.9473711457,39.3701984076,141.264940699,118.661524662,47.7641990196,70.89732564249998,166.425723682,4.39261706663,2.906625938,78.70834714059998,40.0358151777,127.16753579700001,38.9493994446,4.30076737236,2.66760117104,76.04083500689998,43.9386832074,119.405346909,48.5433788647,0.805180120358,0.434582557798,0.611073737281,0.572626861285,0.457380369893,0.765046467286,0.794976837732,0.440160290948,198.115171634,1.0,0.264915600668,0.0,0.0,0.0,0.0,1.0,0.0
52,0.432685208929,0.00244099207081,0.173426299154,0.1985378154,0.171936778728,0.171103611917,0.26887098678,0.254569675256,0.0102260537464,0.11452908135,0.0,0.00287160287746,0.170336190247,0.08433642731189998,0.102616203471,174.60653758200002,39.2788301176,135.32770746399999,213.88536769900003,152.22563765799998,40.2462562797,111.979381378,192.471893938,170.579301189,37.4039107726,133.17539041700002,207.983211962,129.277793765,63.8736332367,65.404160528,193.15142700099997,115.167821806,58.962352585,56.2054692214,174.130174391,126.852955403,62.58742274350001,64.2655326592,189.44037814599997,3.8380152633699995,2.66483178818,39.2626542948,14.336466078499999,177.0487035,38.320629691,3.99401115372,2.39771223979,36.6033748041,19.9397062763,132.40362338399999,64.05674671850001,0.883988914789,0.489469043887,0.7847513956029999,0.55136596297,0.570691421857,0.7581771730869998,0.957939744538,0.451683116183,194.612341158,0.479908962754,0.506623619562,1.0,0.0,1.0,1.0,1.0,1.0
53,0.298235728706,0.0,0.0345172495428,0.558744007007,0.194160997814,0.273099973936,0.0,0.0682799380772,0.0152967685689,0.0091883476621,0.0,0.00540868039119,0.0595999007861,0.0370450871865,0.0,132.549747601,38.866746493600004,93.68300110790001,171.416494095,110.37849543799999,38.9443216368,71.4341738016,149.322817075,153.339340385,33.7127961467,119.626544238,187.05213653099997,81.2696139058,68.4668524462,12.802761459500001,149.736466352,71.6821334982,63.846866714099995,7.83526678418,135.529000212,89.1634257445,73.143226428,16.0201993165,162.306652173,4.36517354235,2.89177947042,76.5760933004,32.478260621,154.261972292,34.4628369796,4.0674491473,2.39274065367,63.563311251,58.984417063100004,91.5782443917,73.7060645273,0.88090794184,0.338554932406,0.7310228430059998,0.407970464342,0.581381165381,0.512977967751,0.907604857516,0.328596443966,176.262398683,1.0,0.367972197307,1.0,0.0,1.0,0.0,1.0,1.0
54,0.563231188341,0.0168298652729,0.240336251076,0.212123445087,0.0151800755079,0.0269517665607,0.0,0.000541475959566,0.0,0.0013859987714999998,0.000985817636577,0.001210028934,3.95035322836e-05,0.00078063773511,0.309685434017,130.09405857299998,41.8867208327,88.2073377401,171.98077940599998,43.843351518599995,22.5930256842,21.2503258344,66.4363772029,198.842021551,40.917733373699996,157.924288177,239.759754925,98.9663468603,53.669502897600005,45.2968439627,152.635849758,31.751545968800002,24.886780554,6.86476541483,56.6383265229,143.395076166,78.4611877441,64.9338884216,221.85626391,4.35778456116,3.01181629095,199.95974812,21.990509106100003,199.035838558,40.7865862092,4.2142240675,2.89191495136,206.741774221,27.536851321599997,145.067098109,76.22430980189999,0.9827356091060001,0.573125857171,0.89461453621,0.629579741379,0.70596971162,0.7978121144159998,0.995378885498,0.565846027625,74.16402826879998,0.422789161627,0.415763936269,1.0,1.0,1.0,1.0,1.0,1.0
55,0.408482029665,0.00960222230546,0.0298325827686,0.151093108923,0.0535978605784,0.10918006590500001,0.530325478002,0.0186323956035,0.0,0.0355706767894,0.0067851155045,0.0122130099603,0.22224431088,0.0481546336207,0.134303648429,133.17251997399998,42.164752013000005,91.00776796100003,175.337271987,111.918900739,42.5941181763,69.3247825628,154.513018916,142.575422836,42.945409687399994,99.6300131483,185.520832523,85.93932148799999,68.4281388594,17.5111826287,154.36746034700002,75.4014345366,62.7220074572,12.6794270794,138.123441994,91.48232697389999,70.1968283991,21.285498574800002,161.679155373,4.18569678378,2.85952358863,63.3393971554,28.9541123185,144.253238066,43.1270215596,3.94986531186,2.49544965337,53.5076318819,48.2465683704,93.57707802700001,71.1520280774,0.960129994692,0.42544450431,0.752227404289,0.543029976489,0.675191049673,0.60498732894,0.99613370473,0.410067471591,87.7249441925,0.514836591435,0.47532042904,1.0,1.0,1.0,1.0,1.0,1.0
56,0.524862672587,0.00684178402944,0.030079361535,0.333329875837,0.10208530218499999,0.014208124757100002,0.020136795449,0.118823210587,0.00520826730408,0.00193642979574,0.000656253180371,0.00020354982919799998,0.0693764543243,0.0241477272727,0.306598548071,100.0172959,38.370737650900004,61.6465582488,138.388033551,57.422282010500005,22.9631511885,34.459130822,80.38543319899999,143.896836073,47.302049305699995,96.59478676760003,191.19888537900002,100.187481632,45.8654878625,54.3219937696,146.052969495,63.361772017,36.294357867399995,27.0674141496,99.6561298845,123.668832043,52.016725414700005,71.6521066288,175.685557458,4.42498537276,2.99467148304,154.534437476,21.194481087,144.027842322,47.3158247462,4.19877162668,2.82259245456,127.369602885,40.6458011964,126.292442202,52.65437422189999,0.968707150634,0.541817692006,0.868904053764,0.604051356779,0.601121395316,0.873139230573,0.982676539367,0.534115399687,162.00003131100001,0.527495057124,0.422309793584,1.0,1.0,1.0,0.0,1.0,1.0
57,0.18563746222199998,0.0,0.138676654872,0.628412137881,0.03507666224380001,0.0,0.0,0.0399884055467,0.00385903656966,0.238109966254,0.0,0.07848099373429998,0.0599873534304,0.09213463345860001,0.0,165.207502747,70.0198860483,95.18761669850001,235.227388795,143.48830638799998,63.835706854399994,79.6525995339,207.324013243,171.097472924,64.2995650955,106.797907829,235.39703802,111.672491776,68.55304729609999,43.1194444802,180.225539072,104.54802044200001,63.7360676225,40.8119528192,168.284088064,112.93208118,68.786304375,44.145776804499995,181.718385555,4.00313982824,2.62284867682,57.25608224770001,34.3416676022,176.19188510400002,66.2443346218,4.24990579492,2.38555185476,32.6750763628,26.677333254,117.002951715,70.3947545616,0.8705439451450001,0.213243068609,0.689718934278,0.26914943609,0.51919175026,0.357550870423,0.875730421022,0.211980145677,103.53298105200001,1.0,0.276481240091,1.0,0.0,0.0,0.0,1.0,0.0
58,0.278843305414,0.00921887669542,0.0439031286857,0.182529393336,0.0,0.0,0.0,0.0,0.0,0.0176137021943,0.0,0.00401256632409,0.228058562663,0.0467868890977,0.180808675148,128.709868146,37.0323132651,91.6775548805,165.742181411,110.33450188399999,33.790169597100004,76.5443322866,144.124671481,133.973995396,34.092266771300004,99.88172862430001,168.06626216700002,120.14108024,45.4902515083,74.65082873129998,165.63133174799998,114.063762923,44.90739661520001,69.15636630770001,158.971159538,126.105160362,44.252097677799995,81.85306268399998,170.35725804,4.1165900351,2.79693406309,50.4715362076,15.9045238208,136.2895563,35.322526980300005,4.03329496678,2.52718287489,30.6437088816,19.7073788472,127.400801809,44.8176908146,0.884278569622,0.315334234023,0.711271865654,0.392034774436,0.505173646017,0.551975162626,0.932206476778,0.299121828008,87.4839536953,0.594049638557,0.659824251667,1.0,0.0,0.0,0.0,1.0,0.0
59,0.492830618239,0.00600128839741,0.124076008244,0.218095272739,0.029922945863299997,0.0,0.0,0.0207197852309,0.00288846492737,0.0017392808293,0.0,0.00222056789645,0.239239857139,0.0533099039969,0.227168784537,114.896700775,24.973084965199998,89.92361581,139.86978574,96.1413457364,24.717133429,71.4242123074,120.858479165,152.6464,27.423804341500002,125.22259565899999,180.070204341,101.740858885,50.4954783033,51.245380581899994,152.23633718899998,89.8306567153,49.3490102325,40.4816464828,139.179666948,129.561489763,54.3063914629,75.2550983001,183.86788122599998,4.60121979602,3.07030967014,96.7208310078,22.7029525695,152.682418605,27.428289436999997,4.49123824489,2.79405605406,87.99744379409998,42.2278118844,130.217730579,54.258737624,0.962070114271,0.512260604428,0.813291023882,0.60597080721,0.666657688176,0.739255883461,1.0028348321,0.491437475509,87.2042884411,0.32903884974,0.467436417179,1.0,0.0,1.0,0.0,1.0,1.0
60,0.45292506549999995,0.0116532496619,0.0615135812358,0.32996914185,0.152653820149,0.336990363456,1.0,0.00213957533245,0.0,0.0467790991095,0.146471972341,0.0045287645343,0.007310755345760001,0.023878330721,0.0811939568843,135.325157555,44.1494052519,91.1757523034,179.474562807,115.54509385799999,44.482644550100005,71.0624493083,160.027738408,153.032394974,46.3070411125,106.725353862,199.339436087,97.12127436809999,57.6411500209,39.4801243472,154.762424389,86.70402809069999,53.223210154300006,33.4808179364,139.927238245,110.582199623,62.5518175394,48.0303820835,173.13401716200002,4.35599480568,2.93285961291,68.4664781852,26.6575436547,153.500694997,46.4667399597,4.30581433036,2.71580679504,67.1245499853,45.158164621800005,111.31572051299999,62.7028533353,0.971021685915,0.466441761364,0.8408391313509997,0.538658405172,0.637299432571,0.710694286473,0.98832116578,0.458277209052,119.28534276799999,0.178975121138,0.173353798433,1.0,1.0,1.0,1.0,1.0,1.0
61,0.378772175994,0.00608994675456,0.085669135895,0.160836464288,0.0460099777568,0.0014060864338599998,0.0,0.0140819668593,0.00292209440153,0.00373329371032,0.0,0.00328713288638,0.0858104355823,0.0159801136364,0.150802334225,106.291717742,33.9544175821,72.33730015979998,140.246135324,85.94291935479998,32.7831341845,53.1597851703,118.72605353899999,131.039169355,36.596882331799996,94.44228702299999,167.63605168700002,95.31212957970001,44.651808552,50.66032102770001,139.963938132,87.8543023854,45.239377101,42.6149252843,133.093679486,120.239309855,50.5985684932,69.6407413618,170.837878348,4.45968369256,3.0134715798400005,93.5023225806,29.021200444699996,131.161459677,36.7223963059,4.07629989911,2.57797103996,79.5300622061,40.2648217932,120.61744771299999,50.7311543692,0.955481793777,0.396420087187,0.824942686697,0.45914968652,0.670613944333,0.56481404718,0.980584602083,0.38627179663000005,144.41099568299998,0.635250830155,0.642227461817,1.0,0.0,1.0,0.0,1.0,1.0
62,0.474366665994,0.0052977600229,0.172216775866,0.237065532032,0.08703244571729998,0.0,0.0,0.330383656848,0.00432604304652,0.0108855330867,0.000577852609061,8.50459342153e-06,0.44066865334,0.10865252742900001,0.0944842001027,124.670425581,51.947324904300004,72.723100677,176.617750485,110.736328879,47.595326621400005,63.1410022579,158.331655501,157.412656729,55.9847354755,101.427921253,213.39739220400003,131.188623506,58.209347585399996,72.97927592069999,189.397971091,122.13252473600001,58.426974985,63.705549750500005,180.55949972,158.58136082,56.44613857069999,102.135222249,215.027499391,4.60243986023,2.98722269189,80.1522746582,29.068066590999997,157.62556963,56.221955454799996,4.42897700269,2.6932428571599996,66.3716998922,33.8518474332,159.22039699299998,56.6988095507,0.853895549888,0.555532425549,0.7244734000689999,0.654774441614,0.559291537848,0.848156344041,0.87047343801,0.544952488245,104.822442098,0.413912545844,0.380777129752,1.0,1.0,1.0,1.0,1.0,1.0
63,0.22166743019699997,0.007692652149029999,0.134284792973,0.47472325626999995,0.06073836984830001,0.0179319068468,0.0,0.0,0.00537711254003,0.0354047113851,0.12555225921,0.009219924477620002,0.0,0.0203761755486,0.381236618091,166.664161436,55.6799188358,110.9842426,222.344080272,139.673535404,49.014690428,90.65884497559999,188.688225832,158.164037551,47.0188733267,111.145164224,205.182910878,99.0400972277,70.4049974315,28.6350997962,169.445094659,90.8413131857,64.9099245303,25.9313886555,155.751237716,95.76507702290002,67.3656551048,28.3994219181,163.130732128,3.60182211527,2.58172838776,54.435015416800006,38.4963989795,169.96846437600001,51.91556027359999,3.62544985846,2.395599243,45.1289613538,48.357151396599996,103.149028336,71.8144527447,0.910759157758,0.24338753918499997,0.691545814743,0.320539038009,0.574789539102,0.385649729366,0.8857477899229999,0.250260212578,165.908548524,0.447517961932,0.57461178202,1.0,0.0,1.0,1.0,1.0,1.0
64,0.280171141243,0.00285550740672,0.0292885433954,0.120704613644,0.0054408739397,0.0194198228824,0.0753270886587,0.0,0.0,0.00974770470214,0.011179032692,0.00382021071823,0.348346976826,0.044230015674,0.235481281752,132.773037971,27.3504695404,105.42256843,160.123507511,106.770268944,26.8608864527,79.9093824917,133.63115539700001,163.20102693799998,29.0833888518,134.117638086,192.28441579,72.4329937304,66.907619546,5.52537418441,139.340613276,62.0639418838,60.195710311400006,1.8682315724599998,122.259652195,85.5193781838,74.89696593259998,10.6224122512,160.416344116,4.4477129747,3.00346105565,90.15614473069999,20.394504038900003,163.75514831700002,29.242645580500003,3.92750237422,2.44480559858,66.9555709982,58.9617364005,86.6593082631,75.4697307686,0.955618505938,0.293183042712,0.8336787363019998,0.336066075627,0.542103739802,0.516822004115,0.960986867367,0.29154523413000005,189.903665329,0.590847588845,0.503727776352,1.0,1.0,1.0,1.0,1.0,1.0
65,0.252268585481,0.00626112881477,0.0927220072492,0.602698671553,0.0412847214219,0.163653834833,0.616025770083,0.0,0.0,0.201880790949,0.335266089524,0.00380786356843,0.00211195868945,0.0522537470611,0.301851775974,194.87814500599998,38.159610191999995,156.718534814,233.03775519799999,171.92603260299998,39.3991161069,132.526916496,211.32514871,224.98058839900003,34.574536724,190.406051675,259.555125123,91.7800836354,77.13895248039998,14.641131155,168.919036116,83.4848341987,68.7463795461,14.7384546526,152.231213745,106.40374889799999,87.5662816399,18.8374672581,193.970030538,4.44909795323,2.96528977425,61.7981629171,26.0841304911,225.099429996,34.5504111862,4.2510826029,2.62007610766,49.6608909679,31.229221648899998,106.888209615,87.4815176326,0.900493351169,0.280144861873,0.7675295914719998,0.328676038401,0.548517750517,0.45990961139,0.9099999675210002,0.277218235697,107.733071173,0.627977244426,0.450188013378,1.0,0.0,0.0,1.0,1.0,1.0
66,0.432148288636,0.0133548898595,0.0652318659145,0.32860412729,0.013766283845,0.0318554630599,0.0,0.0,0.0,0.0539511079006,0.500137537238,0.000524694601424,0.19944932436,0.0902815193966,0.171238719511,137.037429334,60.170557985900004,76.8668713477,197.207987319,119.14702157299999,56.751414844799996,62.395606728400004,175.898436418,170.06474071899999,66.0051053904,104.059635328,236.06984610900003,129.344689827,58.6160580222,70.7286318044,187.96074784900003,121.78966558100001,57.7517678958,64.0378976851,179.541433477,153.79816075600002,62.898621449,90.89953930729999,216.696782205,4.54747398387,3.00635817197,85.14458052969998,34.1937646769,170.151896585,66.0755103212,4.36296738072,2.64115121278,63.513341252,36.4182968274,154.86302716,62.7456327754,0.98708373043,0.437803071121,0.889568407016,0.485795454545,0.632748695689,0.682969860831,1.00888958957,0.428340517241,137.67320035,0.320163944545,0.332238102878,1.0,1.0,1.0,1.0,1.0,1.0
67,0.8872836904159997,0.0,0.0,0.0,0.0,0.0,0.0,0.0,0.0,0.000841853822191,0.0,0.0,0.0,0.000746963166144,0.0,108.478470021,26.823048028800002,81.6554219927,135.30151805,57.8066698622,15.3208651619,42.4858047003,73.12753502399998,197.55462066099997,49.404077084700006,148.150543576,246.958697745,103.958173124,29.0436628667,74.91451025739998,133.001835991,56.08713141649999,15.675797918599999,40.4113334979,71.7629293351,184.70698533,59.7276727812,124.979312549,244.43465811099998,4.56676678132,3.0776487568,178.77562062299998,14.169818476,197.556879351,49.4052707463,4.53226504421,3.04405074583,172.29409837900002,23.6939848723,184.75498995900003,59.642025794700004,0.988427313633,0.8976721688869999,0.921939394983,0.962409997061,0.596867994096,1.48656604005,1.03128528336,0.860366869122,243.15343759099997,1.0,0.335599702927,1.0,0.0,0.0,0.0,0.0,0.0
68,0.379892716785,0.0110318248087,0.153247969201,0.310324370736,0.007763710891879999,0.0204365878809,0.017773018572900003,0.0,0.0,0.00572506093566,0.0062116329913,0.00105874287777,0.0292493656277,0.0113942496082,0.22157487526099998,137.361332583,49.7421241478,87.61920843539998,187.103456731,111.51900016100001,43.55609822979999,67.9629019309,155.075098391,182.778186787,59.1020023671,123.67618442,241.88018915400002,97.7653556034,61.817836415900004,35.9475191875,159.583192019,82.0697339097,53.1590994003,28.9106345094,135.22883331,124.65324990200001,77.647668796,47.005581106,202.300918698,4.53376203781,3.02146410683,111.374899534,44.1822508398,182.82372608900002,59.1124472295,4.44807678066,2.7696204149,88.4774502841,52.849769011099994,125.49583353700001,77.4872045891,0.900845972822,0.421706627155,0.761220925617,0.499057112069,0.659732741673,0.575828199494,0.943754166052,0.402533552116,94.18305916370001,0.371161788309,0.307250195689,1.0,0.0,1.0,1.0,1.0,1.0
69,0.416340138029,0.0145126142562,0.0706728908669,0.332159212369,0.0745497705661,0.179032938517,0.0773122648847,0.0733891352496,0.000618783128043,0.10243293824100001,0.0582966937033,0.00228569472897,0.145366009613,0.090078712406,0.417008574555,135.513961973,56.7609700648,78.7529919081,192.274932038,124.28997404100001,58.645494378500004,65.6444796621,182.93546841900002,177.382831685,62.160183518000004,115.222648167,239.54301520299998,110.223331767,61.9947898178,48.2285419491,172.218121585,106.339271029,60.9875932555,45.3516777737,167.326864285,134.56377760799998,71.0349037124,63.528873895699995,205.598681321,4.56049025751,2.88966583436,85.5272924998,37.6602417298,177.415491475,62.1844464918,4.1405209159,2.4652527195299996,57.7160038769,38.5194620212,135.07483552600002,70.9402162623,0.950422327832,0.438058035714,0.7465530345269998,0.557683270677,0.76701679816,0.542804458817,0.9785013473880002,0.425487546992,42.8058863034,0.533126175357,0.375186967155,1.0,1.0,1.0,0.0,1.0,1.0
70,0.517556011433,0.0080902521667,0.0109693737899,0.299499155315,0.0182272098201,0.0352178496963,0.0379732184195,0.0,0.0,0.00789311166188,0.0204334199936,0.0,0.135675067587,0.0440953173981,0.22294227033599998,127.71455222799999,34.2216826553,93.4928695725,161.936234883,105.815152642,31.7314541097,74.08369853259998,137.546606752,157.205610953,40.9743726941,116.231238259,198.179983647,103.96151609,56.8049657519,47.156550338500004,160.76648184200002,91.73882310440001,52.5405175455,39.198305558899996,144.27934065,125.796186202,62.338709783599995,63.4574764184,188.13489598599998,4.48350132969,3.00396857906,85.60770561389998,18.1839674032,157.541553757,41.1639393304,4.29631466732,2.65915075147,78.41941981779999,44.789227240900004,126.625569406,62.723043270299996,0.977258429167,0.529599946121,0.800486631016,0.646551724138,0.786582035301,0.657980971095,0.9942062033700002,0.520572100313,50.6263636466,0.226737777632,0.375307460082,1.0,1.0,1.0,1.0,1.0,1.0
71,0.244040369626,0.00326224337697,0.10298327868599999,0.184221837736,0.0101396948376,0.0409792964831,0.0,0.0,0.000342648355073,0.024913051762,0.0,0.00205112315167,0.0633795189603,0.0182791682994,0.319735748392,149.586994859,32.5394847851,117.047510074,182.126479645,132.67727289799998,33.2262333959,99.45103950200001,165.903506294,199.44768801700002,35.0960537143,164.351634302,234.54374173099998,86.5222895033,63.2478680652,23.2744214381,149.770157569,81.2543225901,57.400597044099996,23.853725546,138.654919634,116.170938235,74.4346503413,41.736287893400004,190.60558857599997,4.65266332487,3.03599683585,87.3391867722,19.5925541974,199.539979738,35.109993574200004,4.14641238625,2.46380121046,99.76339023320001,61.180951740699996,116.51502498,74.81306494409999,0.980688806087,0.248845880682,0.76824056994,0.317661393025,0.663472216228,0.36782304316,1.00564212161,0.242671189263,101.927087129,0.30381568444,0.447681379122,1.0,1.0,1.0,0.0,1.0,1.0
72,0.272913029093,0.00689243394262,0.0767694095173,0.571646433113,0.0131537788509,0.0481976946817,0.0,0.0,0.0,0.09251335277619999,0.000188113655484,0.0931922661374,0.0233811352274,0.0457729231975,0.154372605042,164.928491483,68.4307996406,96.49769184200001,233.359291123,136.560372037,62.6240164041,73.9363556327,199.18438844099998,183.563158955,66.752019553,116.81113940200001,250.315178508,100.081088362,78.300956048,21.780132314099998,178.38204441,88.56970941909998,70.6069950939,17.9627143252,159.176704513,106.71762037100001,83.1422198195,23.575400551799998,189.859840191,4.27500200185,2.900006377,85.5895731202,61.6135442636,184.397152643,67.0341739603,4.18241478397,2.45472978364,54.4536423638,58.5807135186,108.976057381,83.5202206563,0.927192986213,0.294343284679,0.814165487925,0.335205843456,0.616646717928,0.442575985825,0.950169236351,0.287225705329,63.826226142299994,0.647636523259,0.557833088631,1.0,0.0,0.0,0.0,1.0,0.0
73,0.911396962782,0.010641740042399999,0.0,0.00631210286818,0.0,0.0,0.0,0.0,0.0,0.0014443426606199998,0.0,0.0,0.0,0.00154290752351,0.182180175773,83.5011513931,32.4469538744,51.0541975187,115.948105267,42.3506814367,21.0737407186,21.2769407181,63.4244221553,205.27739509900002,39.2066726402,166.070722459,244.484067739,81.991951778,32.219170771900004,49.7727810061,114.21112255,41.9195973746,20.7571875052,21.1624098694,62.676784879799996,197.36314349,46.513264434300005,150.849879056,243.876407925,4.68614173126,3.07014987461,202.707905337,20.7622567919,205.281819402,39.2095633246,4.67509672297,3.06500309806,199.897081333,22.7192565136,197.370763127,46.5135295511,0.993086022278,0.917742211991,0.937331279318,0.972331749608,0.640881634728,1.42209873617,1.02773158753,0.886804467085,263.97398297,0.541345135081,0.381566856677,1.0,1.0,1.0,1.0,1.0,1.0
74,0.22198738062,0.0,0.161187544179,0.3108972826,0.00462030692959,0.0208133764932,0.0,0.0,0.0,0.00445423422113,0.0,0.0,0.135047757457,0.0554467084639,0.0,114.365710435,46.9322695939,67.4334408412,161.297980029,94.4321332307,40.3796103011,54.0525229295,134.811743532,124.063067275,48.724209697700005,75.33885757769998,172.787276973,96.3331149589,66.7258329565,29.607282002399998,163.058947915,93.5135830966,69.0987561069,24.414826989699996,162.612339204,109.18237840399999,78.5249894125,30.6573889917,187.707367817,4.19905911053,2.87916626849,63.5166263271,22.7979785457,124.88206172,48.9559434216,3.7693273853800005,2.47637541553,43.216674422,30.994800063200003,110.628453174,78.50486876089998,0.970080398715,0.228834002743,0.8428667217309997,0.263371865204,0.7543109688639998,0.294291598271,0.986189255993,0.225096125588,32.8426388064,1.0,0.501718777888,0.0,0.0,0.0,1.0,1.0,0.0
75,0.291761447673,0.0057630933447,0.0613640565454,0.20189821324299997,0.015818703804,0.0542179370516,0.189309446933,0.0,0.0,0.0272415245319,0.0,0.0,0.115266520042,0.0309714194749,0.308128256937,156.272159983,25.6915662222,130.58059376100002,181.963726205,126.761867867,26.3688481843,100.39301968299999,153.130716052,192.97044288599997,22.154391476,170.81605141,215.124834362,74.34420613729999,72.9002573888,1.44394874856,147.244463526,63.745065145,63.6992458958,0.0458192491763,127.444311041,90.110403605,86.25660948169998,3.85379412328,176.367013087,4.46775170632,3.02377512511,88.7182075175,19.9354344266,193.19572819599998,22.369987582399997,3.92733099585,2.42067455592,62.81527049859999,61.321085933199996,90.5841466252,86.14140726169998,0.950793386251,0.306861040361,0.819396343034,0.356068769592,0.507863798418,0.574487586202,0.963861158092,0.302700700431,191.43473383,0.423154979692,0.373684826154,0.0,1.0,0.0,1.0,1.0,1.0
76,0.301055856806,0.00448212714749,0.0530441570241,0.195489288486,0.0318031513154,0.10563870655999999,0.0659784812602,0.0,0.0,0.0171078162281,0.0211678617058,0.0,0.22847578005199998,0.04906078565830001,0.233974464546,108.010503265,41.7973642631,66.2131390015,149.807867528,91.0882436433,44.224402092700004,46.86384155060001,135.312645736,130.645200535,38.0133230327,92.6318775026,168.658523568,77.0404339734,59.144646373,17.8957876003,136.185080346,72.81825528999998,58.5860740317,14.232181258299999,131.404329322,95.05596101100001,62.414428122,32.641532888899995,157.470389133,4.48347085576,2.94500787819,87.88387606959999,40.9971015737,131.316983657,38.566408565399996,3.94838598613,2.48902831497,77.9517076068,54.0687066985,95.7994158993,62.7442536023,0.951245883817,0.316485844436,0.8143835665369998,0.369673295455,0.68921623209,0.436809005343,0.973988807947,0.30909580721,46.6205531709,0.559891975408,0.675815069588,1.0,1.0,1.0,1.0,1.0,1.0
77,0.373515797875,0.0140575058393,0.324725801371,0.28672217148,0.22258580352200003,0.243622940361,0.7943980624309998,0.40584021251100005,0.00199014561589,0.0945077355498,0.148746490035,0.00455344079155,0.00018230405444,0.0368277331505,0.38024240788,158.230159314,50.1625410392,108.067618275,208.39270035299998,142.827558302,49.55492601,93.27263229200001,192.382484312,182.406818869,55.5970361853,126.809782684,238.003855054,118.52693353299999,58.87397869270001,59.652954839799996,177.400912225,108.02165887,54.441012242,53.580646628500006,162.462671112,136.256275715,67.2313378103,69.0249379048,203.487613525,4.48701427146,2.92229039645,59.6842655942,22.538927590500002,182.6353924,55.6043275221,4.45477754411,2.85946982107,51.5931775323,22.4855578837,136.39816504200002,67.2362707653,0.90581955404,0.41235121963200005,0.63893577959,0.584590517241,0.550402140274,0.678623447374,0.920491712339,0.405778556034,230.161576041,0.591670745259,0.5552804104,1.0,1.0,1.0,1.0,1.0,1.0
78,0.637363860018,0.0225458522225,0.257296101006,0.127360047637,0.0354230014374,0.0555773611582,0.492223439771,0.0,0.0,0.00184323602854,0.0,0.00342449426599,0.0,0.00205592105263,0.189235104033,70.9466244435,29.6687209701,41.2779034734,100.61534541399999,52.1405984671,22.6350316783,29.505566788899998,74.7756301454,169.827321125,54.5808833342,115.246437791,224.40820446,58.088433975600005,33.730294705700004,24.3581392698,91.81872868129999,43.4303189615,25.3740188577,18.0563001037,68.8043378192,135.28515625,70.37815030749998,64.9070059425,205.663306558,4.7180119178,2.99147089329,178.606383955,17.000949794300002,169.832644913,54.5846004026,4.61231348308,2.84765761133,172.623781133,23.0885752075,135.29511278200002,70.3726425545,0.8992981934389997,0.708734727444,0.7692786013889998,0.82852149906,0.589410692929,1.08135781665,0.938683941687,0.678997297932,48.9617012121,0.30792203308,0.232861849459,1.0,1.0,1.0,1.0,0.0,1.0
79,0.338578177982,0.0,0.480418935666,0.0,0.166994519847,0.0,0.0,0.0442132644468,0.0,0.00199515787261,0.0,0.0,0.0,0.000675516917293,0.0,90.36565970870001,39.9137013411,50.4519583677,130.27936105,39.4918967976,26.428733371999996,13.063163425599999,65.9206301696,133.309520723,47.0264258896,86.28309483299999,180.33594661200001,76.8567169878,45.321216264899995,31.535500722800002,122.17793325299999,37.8648672462,32.637485392100004,5.22738185414,70.5023526383,110.82830122200001,62.31282787399999,48.5154733478,173.141129096,4.38198671329,3.0386511041,187.925536972,33.3893569785,133.494403388,47.2483921774,4.30088829098,2.91099226134,177.39016976,48.562012319,111.432565789,61.7136933831,0.904504496188,0.374324483083,0.708146065724,0.47811912593999994,0.432553589706,0.7827427307019998,0.97146671756,0.348522673872,227.57124311400003,1.0,0.185450347098,1.0,1.0,1.0,0.0,0.0,1.0
80,0.216713787053,0.0,0.892443846906,0.12851962273,0.0,0.0,0.0,0.0,0.0,0.00395531294087,0.0,0.0014338533736600002,0.0,0.00127963362069,0.0,159.75765781,81.0407563241,78.716901486,240.798414134,71.14649968969998,43.3427006076,27.8037990821,114.48920029700001,198.57550629,76.768622139,121.806884151,275.344128429,90.52361811809999,75.0461790832,15.477439035,165.569797201,35.6639737216,37.8083805414,-2.14440681985,73.472354263,121.324365694,90.7925331575,30.5318325361,212.11689885099997,4.25397036458,2.9587074862,173.87555706,33.3702897566,198.69133243099998,76.82658329829998,4.23711251012,2.92756875134,198.544128992,35.7220175294,122.18169879,90.0673769913,0.950314917354,0.228044181034,0.8571774734639998,0.252822541144,0.581736250851,0.372529280642,0.969512015332,0.223528727469,169.104914372,1.0,0.155273551403,0.0,0.0,0.0,1.0,0.0,0.0
81,0.393770441415,0.00518422141584,0.011345164486200002,0.509226190476,0.26415102973,0.0139154248518,0.0,0.136676127073,0.33089938648,0.007092241579550001,0.0,0.000447155433859,0.0522122894639,0.0293856534091,0.429051880813,132.961569642,35.5393727612,97.4221968805,168.50094240299998,89.00157633309999,25.1386899127,63.8628864204,114.14026624600001,191.55770022599998,44.937306812399996,146.620393414,236.49500703900003,104.549203531,56.5237857112,48.0254178196,161.072989242,88.66353997559999,38.5975474275,50.065992548100006,127.26108740299999,125.179644379,75.3360642402,49.8435801389,200.515708619,4.48860626914,3.04720105363,134.073984713,26.9844035292,191.66641574,44.9646507792,4.35996305431,2.55508448407,115.46415127799999,65.18564650229999,141.322788149,61.9591381828,0.984800799459,0.399847808442,0.8746657961149998,0.4501953125,0.651740479745,0.604182882072,0.993002538306,0.396545251623,85.13632177089998,0.514471453343,0.409304353483,1.0,0.0,1.0,1.0,1.0,1.0
82,0.430700210482,0.0104958759072,0.264546190635,0.24558520141,0.021029491342,0.048826285268,0.0349509980922,0.0,0.0,0.0114900389062,0.0103917593775,7.67057266766e-05,0.0,0.00496905438312,0.141253561963,100.06155954,36.9065566163,63.155002923400005,136.968116156,63.879432916000006,28.8174987335,35.0619341825,92.69693164959999,202.459870754,43.234077871800004,159.225792882,245.69394862599998,84.98464133519998,45.7820040883,39.202637246900004,130.766645424,69.9359806209,30.572014826300002,39.3639657946,100.50799544700001,156.157198661,76.9585414736,79.19865718709998,233.11574013400002,4.67246211661,3.04382145712,174.210692508,27.870200462399996,202.595079471,43.255601228500005,4.7370426988,2.96276214696,170.473158482,40.1848632508,168.032178369,59.5277056241,0.969289988985,0.444346083604,0.8301274577859998,0.518836241883,0.746907046321,0.576644995657,0.968836483761,0.444554078734,70.7025150067,0.278303331609,0.258075059771,1.0,1.0,1.0,1.0,1.0,1.0
83,0.426807727352,0.036638894194,0.270311356077,0.306313472832,0.279819459034,0.274735836932,0.985691294234,0.0,0.531670733522,0.00206222721985,0.0017994478942,0.0,0.0,0.000880174512987,0.172380218066,77.5302368892,51.268583901199996,26.261652988,128.79882079,47.1005088908,32.8389238985,14.2615849922,79.9394327893,169.643984057,69.4400835498,100.20390050700001,239.084067607,82.30235135959998,53.821468762399995,28.4808825971,136.123820122,65.1938971185,36.5409753254,28.6529217931,101.73487244399999,160.987784091,83.9564535196,77.0313305714,244.94423761,4.69449028917,3.0234831805299995,183.67050806,30.6172634357,169.667916158,69.4494165574,4.74664155706,2.9615954767,182.18575487,38.6137943439,172.812086546,67.4645731687,0.954319604985,0.447237723214,0.742969137707,0.574462256494,0.566731718181,0.753103653211,0.941720180612,0.453221387987,160.843333801,0.584033885088,0.50214070369,0.0,0.0,0.0,0.0,0.0,0.0
84,0.46462830478999995,0.00336679661089,0.164349448145,0.309826095162,0.0704237881477,0.0025072686943400004,0.0,0.0,0.00812293368123,0.0041399376171,0.007274153577349999,0.000689196136528,0.0498683124099,0.017458733346400003,0.196480108637,134.601271607,67.5627909906,67.0384806166,202.164062598,76.95663780239998,37.819752276500004,39.1368855259,114.776390079,175.30903209299998,82.6715068804,92.63752521229999,257.98053897299997,113.69924936299999,60.0979496696,53.6012996936,173.797199033,70.9797279095,38.8645138451,32.1152140644,109.844241755,138.636654462,75.7719090016,62.864745460600005,214.40856346400003,4.32320780089,2.98452694515,137.617465859,26.8118591773,175.515290188,82.52250898769998,4.20607616902,2.88323394902,118.320817619,32.7443047064,140.37354281,75.18101446209998,0.9614871021100002,0.483239248629,0.8213836253740001,0.565665409483,0.636435993017,0.730047184458,0.997283759647,0.465893784287,91.6618455018,0.22211216416,0.317366234769,1.0,1.0,1.0,1.0,1.0,1.0
85,0.274887763442,0.008011846245159998,0.0457492249447,0.447912969067,0.109606964357,0.0146916661248,0.08257849902229998,0.0588075530875,0.0186564263907,0.00559535070418,0.0275111820368,0.0,0.0831775303155,0.0395186373433,0.210558856828,114.592385206,44.931486667600005,69.6608985383,159.523871874,70.9341065893,27.667133520900002,43.2669730684,98.60124011020001,157.565021276,69.4728283774,88.09219289819998,227.037849653,118.546128037,55.065921876000004,63.4802061608,173.612049913,81.52004555249998,45.4008328136,36.119212738899996,126.92087836600001,126.27472631799999,64.7965404822,61.4781858354,191.0712668,4.362629310330001,2.99540779907,132.124209801,27.3740703093,157.747469697,69.3374975343,3.92757115876,2.64446723771,96.0946224775,33.9241994203,133.601694137,63.807559804300006,0.965721354415,0.284645008817,0.814145516038,0.337639596395,0.567703314898,0.48421024896,0.983265119631,0.279566271552,163.04463801,0.55125829971,0.494802159625,1.0,0.0,0.0,1.0,0.0,0.0
86,0.382124002128,0.0069671902852,0.129156546288,0.427889938303,0.0776461968506,0.0376941610543,0.00383046034448,0.0579182440791,0.0113457501961,0.017761135838,0.0,0.0,0.0117333259114,0.0118075284091,0.338863816369,172.491180255,46.2141847199,126.276995535,218.705364975,102.142698434,34.3898860183,67.752812416,136.532584453,233.388947945,40.8773938271,192.511554118,274.26634177200003,117.130975705,58.36919303649999,58.761782668900004,175.500168742,73.8255412422,37.1619727764,36.6635684657,110.987514019,142.583448643,81.57168792749998,61.0117607158,224.15513657099999,4.37712839985,2.98917244832,143.112558645,30.36079496,233.480222512,40.8966986575,4.15114422664,2.7269297381800004,115.21342941799999,35.7425148616,146.690671532,78.7846987602,0.959115272615,0.398413009404,0.7883232161119998,0.484730113636,0.628380322453,0.608109433848,0.979588602141,0.390086206897,77.9757566427,0.174437725236,0.365340420176,1.0,1.0,1.0,1.0,1.0,1.0
87,0.291223182798,0.015168022293200002,0.329862259608,0.172198888127,0.00289960248402,0.0099566334526,0.0,0.0,0.0,0.00575003836863,0.0,0.0,0.135520481851,0.025011020768,0.241426007866,156.522076097,30.4704577469,126.05161835,186.992533844,85.2833710882,21.7477977186,63.5355733696,107.03116880700001,213.02403725099998,33.7359039971,179.288133254,246.759941249,131.244354918,45.8403670208,85.40398789689999,177.084721938,81.85806475309998,36.6679852474,45.1900795058,118.526050001,145.397632372,60.0399507832,85.3576815885,205.437583155,4.34080438439,3.00909090027,151.97506082700002,23.9016351042,213.28131554700002,33.5206511063,4.01377929502,2.75032255727,112.73664038,35.69079675790001,152.197887074,58.3883944358,0.9518215018260001,0.305964072296,0.7540409004439999,0.38621669279,0.472793022334,0.615963368833,0.98968799742,0.294257567594,202.292510327,0.335499093441,0.339831518446,1.0,1.0,1.0,0.0,1.0,1.0
88,0.496162419709,0.0145643171062,0.23960512276,0.251281722524,0.00460776150194,0.00928680069046,0.0945664574074,0.0,0.0,0.00341201258778,0.0,0.0,0.178198367557,0.0464709051724,0.451203804207,138.953324627,27.0867318134,111.866592814,166.04005644,83.56840218319999,17.4529119896,66.1154901936,101.021314173,183.015197063,34.2654876411,148.749709422,217.280684704,130.933413132,53.248373094499996,77.6850400374,184.18178622599999,86.6664809463,46.179987518000004,40.4864934283,132.846468464,154.656654095,56.7006249996,97.95602909520001,211.357279094,4.34905651637,3.02596128643,136.8120788,20.0778517419,183.159233432,34.1422508439,4.1808726506,2.85709271695,115.067912422,36.3510541781,157.686722424,57.2581567404,0.966316277769,0.513457582288,0.841472998902,0.589635579937,0.637749744614,0.7779892095589998,0.997227696493,0.497541756466,123.400473178,0.347688040278,0.39823442265,1.0,0.0,1.0,0.0,1.0,1.0
89,0.437551154131,0.0203977608873,0.0529483315662,0.389329999731,0.0142094435737,0.0324749310784,0.114229011264,0.0,0.0,0.0112713534056,0.0416690699309,0.0,0.0195917500177,0.012560614224100002,0.114136840631,147.313670432,62.5510635999,84.7626068317,209.864734032,85.29298771329998,42.8686767409,42.4243109724,128.161664454,205.129439869,55.1287313879,150.000708481,260.258171257,121.528996865,56.0523170853,65.4766797799,177.58131395,76.99026498819998,37.7246467626,39.2656182257,114.714911751,144.29693010399998,71.32479114980002,72.972138954,215.62172125400002,4.37871978297,2.92972687844,150.04730971,36.5988944273,205.433603655,55.0852084805,4.06623240015,2.67788283577,114.150889621,44.1969874004,150.057880461,68.6544562808,0.968082780555,0.451977003331,0.771669958989,0.56701851489,0.522483276484,0.83744528069,0.980952546285,0.44604721786799995,150.14601777299998,0.50818162068,0.446674786777,1.0,1.0,1.0,1.0,1.0,1.0
90,0.488946469801,0.00906880752889,0.0,0.356205172606,0.125449858627,0.012180025634,0.0,0.0,0.0276464614076,0.0015464824601500002,0.0,0.0,0.0510499808533,0.0189404143809,0.320204859022,122.657157326,27.8689495463,94.78820777979999,150.526106872,73.7719571361,16.2436306026,57.52832653350001,90.0155877386,165.449158477,40.022041214299996,125.42711726200001,205.47119969099998,117.99794891299999,39.974399159,78.0235497536,157.97234807200002,77.3812879604,32.1858258737,45.1954620867,109.567113834,133.368353865,52.2181264555,81.1502274091,185.58648032,4.38005591528,3.05180852432,138.58233926,18.510314598,165.502250731,40.0404155513,4.06638216123,2.67202522899,109.143355701,34.1907523459,140.288098183,50.4175612716,0.988160056172,0.494804932406,0.876464767074,0.557862093456,0.761822101221,0.641811873162,1.00776912812,0.485177067006,34.702722651799995,0.0916541168393,0.294228635141,1.0,1.0,1.0,1.0,1.0,1.0
91,0.476680475041,0.00835960069765,0.0848012204,0.277511942767,0.00448658107444,0.00941213519193,0.0,0.0,0.0,0.00365663416636,0.0010986138795899998,0.0,0.08798584875659998,0.0261743240596,0.044878748997,102.17907300200001,31.2989464496,70.8801265526,133.478019452,59.81119038,20.266682551800002,39.5445078283,80.0778729318,173.286380914,55.3503357491,117.936045165,228.636716663,128.164227812,62.3003085295,65.863919282,190.46453634099998,81.4028029487,47.3249778819,34.0778250667,128.727780831,136.629898119,66.21422506430001,70.4156730549,202.844123183,4.52548454501,3.02802161343,162.66592312,23.9638928221,173.470588235,55.1982143726,4.45645314914,2.5804148225,143.63116550700002,44.3308243679,168.057145744,63.568681016499994,0.953927484699,0.499703051528,0.864544616561,0.55136596297,0.651623954885,0.7315269358449998,0.9945043287380002,0.479314630682,109.09394827,0.292156036121,0.267041601892,1.0,1.0,1.0,1.0,1.0,1.0
92,0.615431944476,0.00525077169387,0.31358707031,0.046959684638,0.0109185437988,0.017741269196,0.0,0.0,0.0,0.00777478348418,0.0,0.0,0.0,0.00478485011755,0.172243996627,109.434649867,55.0341309878,54.4005188797,164.468780855,61.7451871047,35.26938721030001,26.4757998945,97.014574315,198.38721591799998,74.94253384619999,123.444682071,273.32974976400004,91.23069834930003,51.3076931689,39.9230051804,142.538391518,54.521854795299994,31.1507905988,23.3710641965,85.6726453941,158.468921434,83.673779505,74.7951419292,242.142700939,4.57621110257,3.0171665794700004,175.40333502099998,28.600084945,198.404546312,74.9313255724,4.5306851125,2.97705718068,158.00059083600001,35.8903821248,158.597689925,83.5083192135,0.930991299528,0.66105015674,0.69471978317,0.8858707631269997,0.584082809269,1.05367241547,0.925829129847,0.664735991379,126.50138743299999,0.363046181234,0.344934144842,1.0,1.0,1.0,1.0,1.0,1.0
93,0.944569414511,0.0028011839042,0.0,0.0,0.0226072568036,0.0239339284718,0.0,0.0,0.0,0.023784220915,0.0,0.0,0.0,0.0225374706113,0.17186461836,94.8068432886,58.787872945299995,36.0189703433,153.594716234,50.700510557799994,43.8547409503,6.84576960748,94.5552515081,134.41055196,76.6617518006,57.748800159,211.07230376,94.48715774390001,59.3688150066,35.1183427374,153.85597275,50.7194173687,43.9366015894,6.78281577938,94.65601895809999,132.772173173,77.9737523386,54.7984208344,210.745925512,4.30060315049,2.909789879,157.83621332,37.294507139400004,135.079803811,75.95961988969998,4.28253581355,2.88673706018,156.18828676,37.5989154069,133.694326754,76.987968463,1.00062676474,0.943977762539,0.947956049718,0.996427434365,0.526060397135,1.79555317157,1.04988725864,0.899686520376,359.325197713,0.498117178787,0.387543775914,1.0,1.0,1.0,0.0,0.0,1.0
94,0.522521035501,0.00541764388945,0.111651244795,0.153256925076,0.0152459119914,0.029177604260000004,0.0997972411501,0.0,0.0,0.00281220398193,0.00452052517866,0.000417730930744,0.140444943692,0.023027282523500003,0.386571877625,116.951078472,46.920767636,70.0303108361,163.871846108,48.2607452537,22.8980958508,25.3626494029,71.1588411045,191.84723643400002,66.3719823836,125.47525405,258.219218817,108.973271576,57.802292256099996,51.1709793201,166.77556383200002,54.1253214391,40.3439695883,13.781351850799998,94.4692910273,158.770556794,79.369550645,79.4010061487,238.14010743900002,4.43597989598,3.04129060671,186.48492360900002,25.1158705416,191.86479485900003,66.3747014217,4.30345431295,2.9289842540400004,160.10678512,41.968400387399996,159.585686471,79.03257417839998,0.9772002231250002,0.534712357955,0.778926615369,0.670821904389,0.58817833859,0.8883717764139999,0.9906534221690002,0.527450896356,169.984140914,0.285631482677,0.503967871409,1.0,0.0,1.0,1.0,1.0,1.0
95,0.627448855473,0.00593533186198,0.394954949309,0.0528224931234,0.00527178078324,0.00840192907718,0.0,0.0,0.0,0.00228825211041,0.0,1.55021450257e-05,0.0,0.0014418838166099998,0.412636153105,106.38300309,21.4670623498,84.9159407399,127.85006543899999,48.401194920100004,13.5295022975,34.8716926226,61.9306972176,222.388017661,39.5734957387,182.814521922,261.961513399,91.1909041928,28.0380931102,63.1528110826,119.22899730299999,44.340997869300004,13.364395899000002,30.976601970300003,57.7053937684,169.34257751299998,78.89650949109999,90.44606802160001,248.23908700400003,4.60315635752,3.08520324209,198.37375366700002,14.7975618393,222.391346088,39.573978257600004,4.42375339887,2.8763581907700004,173.194415532,39.5870213863,170.505421606,77.27262996649999,0.996397359922,0.62971750098,0.8642264013039997,0.726023706897,0.658352428563,0.953059225197,1.0260052228,0.611545479036,140.27629176899998,0.449318543355,0.557232619553,1.0,1.0,1.0,1.0,1.0,1.0
96,0.572482931015,0.004413505459,0.380682982686,0.0633857792235,0.00283972057671,0.00496035850654,0.0,0.0,0.0,0.00324590278825,0.0,8.763836431049997e-05,0.08476072201119998,0.0073839145768,0.305835006474,132.24043608,41.4630491671,90.7773869124,173.703485247,46.0469431208,19.1563082523,26.890634868400003,65.2032513731,184.86905873599997,65.575521706,119.29353703,250.44458044200002,125.09531739799999,54.477248323999994,70.6180690742,179.572565722,49.739747624399996,31.0651811445,18.6745664799,80.8049287689,135.100469607,81.50871694049998,53.5917526667,216.609186548,4.2546441707,2.92210054108,189.34391158900002,22.8583939619,188.88433112599998,62.0012450913,4.01856624354,2.47569602142,172.617508939,29.838526681999998,157.910695043,73.6836718646,0.983015750508,0.582374118339,0.792350354911,0.722512367751,0.8013484146589998,0.71439953027,0.995787899176,0.574904486677,71.921790718,0.294906725243,0.412953082649,1.0,1.0,1.0,1.0,0.0,1.0
