,antecedents,consequents,support,lift
246,"frozenset({'bu_000:[33129954.0, 118355788.0]', 'bv_000:[33129954.0, 118355788.0]'})","frozenset({'cq_000:[33129954.0, 118355788.0]'})",0.19973544973544974,5.006622516556291
327,"frozenset({'bb_000:[11559884.0, 13406098.0]'})","frozenset({'cj_000:[990314.88, 25411779.84]', 'cq_000:[11559884.0, 13406098.0]', 'bv_000:[11559884.0, 13406098.0]'})",0.18386243386243387,5.006622516556291
340,"frozenset({'bu_000:[13406098.0, 17958276.0]'})","frozenset({'bb_000:[13406098.0, 17958276.0]', 'bv_000:[13406098.0, 17958276.0]', 'cj_000:[990314.88, 25411779.84]'})",0.18121693121693122,5.006622516556291
339,"frozenset({'bb_000:[13406098.0, 17958276.0]'})","frozenset({'bv_000:[13406098.0, 17958276.0]', 'cj_000:[990314.88, 25411779.84]', 'bu_000:[13406098.0, 17958276.0]'})",0.18121693121693122,5.006622516556291
338,"frozenset({'bv_000:[13406098.0, 17958276.0]'})","frozenset({'bb_000:[13406098.0, 17958276.0]', 'cj_000:[990314.88, 25411779.84]', 'bu_000:[13406098.0, 17958276.0]'})",0.18121693121693122,5.006622516556291
337,"frozenset({'bb_000:[13406098.0, 17958276.0]', 'bu_000:[13406098.0, 17958276.0]'})","frozenset({'bv_000:[13406098.0, 17958276.0]', 'cj_000:[990314.88, 25411779.84]'})",0.18121693121693122,5.006622516556291
336,"frozenset({'bv_000:[13406098.0, 17958276.0]', 'bu_000:[13406098.0, 17958276.0]'})","frozenset({'bb_000:[13406098.0, 17958276.0]', 'cj_000:[990314.88, 25411779.84]'})",0.18121693121693122,5.006622516556291
335,"frozenset({'bv_000:[13406098.0, 17958276.0]', 'bb_000:[13406098.0, 17958276.0]'})","frozenset({'cj_000:[990314.88, 25411779.84]', 'bu_000:[13406098.0, 17958276.0]'})",0.18121693121693122,5.006622516556291
334,"frozenset({'cj_000:[990314.88, 25411779.84]', 'bu_000:[13406098.0, 17958276.0]'})","frozenset({'bv_000:[13406098.0, 17958276.0]', 'bb_000:[13406098.0, 17958276.0]'})",0.18121693121693122,5.006622516556291
333,"frozenset({'bb_000:[13406098.0, 17958276.0]', 'cj_000:[990314.88, 25411779.84]'})","frozenset({'bv_000:[13406098.0, 17958276.0]', 'bu_000:[13406098.0, 17958276.0]'})",0.18121693121693122,5.006622516556291
332,"frozenset({'bv_000:[13406098.0, 17958276.0]', 'cj_000:[990314.88, 25411779.84]'})","frozenset({'bb_000:[13406098.0, 17958276.0]', 'bu_000:[13406098.0, 17958276.0]'})",0.18121693121693122,5.006622516556291
330,"frozenset({'bb_000:[13406098.0, 17958276.0]', 'cj_000:[990314.88, 25411779.84]', 'bu_000:[13406098.0, 17958276.0]'})","frozenset({'bv_000:[13406098.0, 17958276.0]'})",0.18121693121693122,5.006622516556291
329,"frozenset({'bv_000:[13406098.0, 17958276.0]', 'cj_000:[990314.88, 25411779.84]', 'bu_000:[13406098.0, 17958276.0]'})","frozenset({'bb_000:[13406098.0, 17958276.0]'})",0.18121693121693122,5.006622516556291
328,"frozenset({'bb_000:[13406098.0, 17958276.0]', 'bv_000:[13406098.0, 17958276.0]', 'cj_000:[990314.88, 25411779.84]'})","frozenset({'bu_000:[13406098.0, 17958276.0]'})",0.18121693121693122,5.006622516556291
326,"frozenset({'bv_000:[11559884.0, 13406098.0]'})","frozenset({'cj_000:[990314.88, 25411779.84]', 'cq_000:[11559884.0, 13406098.0]', 'bb_000:[11559884.0, 13406098.0]'})",0.18386243386243387,5.006622516556291
233,"frozenset({'cq_000:[13406098.0, 17958276.0]'})","frozenset({'bv_000:[13406098.0, 17958276.0]', 'bu_000:[13406098.0, 17958276.0]'})",0.19973544973544974,5.006622516556291
325,"frozenset({'cq_000:[11559884.0, 13406098.0]'})","frozenset({'cj_000:[990314.88, 25411779.84]', 'bv_000:[11559884.0, 13406098.0]', 'bb_000:[11559884.0, 13406098.0]'})",0.18386243386243387,5.006622516556291
324,"frozenset({'bv_000:[11559884.0, 13406098.0]', 'bb_000:[11559884.0, 13406098.0]'})","frozenset({'cj_000:[990314.88, 25411779.84]', 'cq_000:[11559884.0, 13406098.0]'})",0.18386243386243387,5.006622516556291
323,"frozenset({'cq_000:[11559884.0, 13406098.0]', 'bb_000:[11559884.0, 13406098.0]'})","frozenset({'cj_000:[990314.88, 25411779.84]', 'bv_000:[11559884.0, 13406098.0]'})",0.18386243386243387,5.006622516556291
322,"frozenset({'cq_000:[11559884.0, 13406098.0]', 'bv_000:[11559884.0, 13406098.0]'})","frozenset({'cj_000:[990314.88, 25411779.84]', 'bb_000:[11559884.0, 13406098.0]'})",0.18386243386243387,5.006622516556291
321,"frozenset({'cj_000:[990314.88, 25411779.84]', 'bb_000:[11559884.0, 13406098.0]'})","frozenset({'cq_000:[11559884.0, 13406098.0]', 'bv_000:[11559884.0, 13406098.0]'})",0.18386243386243387,5.006622516556291
320,"frozenset({'cj_000:[990314.88, 25411779.84]', 'bv_000:[11559884.0, 13406098.0]'})","frozenset({'cq_000:[11559884.0, 13406098.0]', 'bb_000:[11559884.0, 13406098.0]'})",0.18386243386243387,5.006622516556291
319,"frozenset({'cj_000:[990314.88, 25411779.84]', 'cq_000:[11559884.0, 13406098.0]'})","frozenset({'bv_000:[11559884.0, 13406098.0]', 'bb_000:[11559884.0, 13406098.0]'})",0.18386243386243387,5.006622516556291
317,"frozenset({'cj_000:[990314.88, 25411779.84]', 'bv_000:[11559884.0, 13406098.0]', 'bb_000:[11559884.0, 13406098.0]'})","frozenset({'cq_000:[11559884.0, 13406098.0]'})",0.18386243386243387,5.006622516556291
316,"frozenset({'cj_000:[990314.88, 25411779.84]', 'cq_000:[11559884.0, 13406098.0]', 'bb_000:[11559884.0, 13406098.0]'})","frozenset({'bv_000:[11559884.0, 13406098.0]'})",0.18386243386243387,5.006622516556291
315,"frozenset({'cj_000:[990314.88, 25411779.84]', 'cq_000:[11559884.0, 13406098.0]', 'bv_000:[11559884.0, 13406098.0]'})","frozenset({'bb_000:[11559884.0, 13406098.0]'})",0.18386243386243387,5.006622516556291
314,"frozenset({'bb_000:[11559884.0, 13406098.0]'})","frozenset({'bu_000:[11559884.0, 13406098.0]', 'cj_000:[990314.88, 25411779.84]', 'cq_000:[11559884.0, 13406098.0]'})",0.18386243386243387,5.006622516556291
313,"frozenset({'cq_000:[11559884.0, 13406098.0]'})","frozenset({'bu_000:[11559884.0, 13406098.0]', 'cj_000:[990314.88, 25411779.84]', 'bb_000:[11559884.0, 13406098.0]'})",0.18386243386243387,5.006622516556291
341,"frozenset({'bv_000:[13406098.0, 17958276.0]', 'bb_000:[13406098.0, 17958276.0]', 'bu_000:[13406098.0, 17958276.0]'})","frozenset({'cq_000:[13406098.0, 17958276.0]'})",0.19973544973544974,5.006622516556291
342,"frozenset({'bv_000:[13406098.0, 17958276.0]', 'bb_000:[13406098.0, 17958276.0]', 'cq_000:[13406098.0, 17958276.0]'})","frozenset({'bu_000:[13406098.0, 17958276.0]'})",0.19973544973544974,5.006622516556291
343,"frozenset({'bv_000:[13406098.0, 17958276.0]', 'bu_000:[13406098.0, 17958276.0]', 'cq_000:[13406098.0, 17958276.0]'})","frozenset({'bb_000:[13406098.0, 17958276.0]'})",0.19973544973544974,5.006622516556291
344,"frozenset({'bb_000:[13406098.0, 17958276.0]', 'bu_000:[13406098.0, 17958276.0]', 'cq_000:[13406098.0, 17958276.0]'})","frozenset({'bv_000:[13406098.0, 17958276.0]'})",0.19973544973544974,5.006622516556291
370,"frozenset({'bb_000:[13406098.0, 17958276.0]', 'cj_000:[990314.88, 25411779.84]', 'cq_000:[13406098.0, 17958276.0]'})","frozenset({'bv_000:[13406098.0, 17958276.0]'})",0.18121693121693122,5.006622516556291
369,"frozenset({'bv_000:[13406098.0, 17958276.0]', 'cj_000:[990314.88, 25411779.84]', 'cq_000:[13406098.0, 17958276.0]'})","frozenset({'bb_000:[13406098.0, 17958276.0]'})",0.18121693121693122,5.006622516556291
368,"frozenset({'bb_000:[13406098.0, 17958276.0]', 'bv_000:[13406098.0, 17958276.0]', 'cj_000:[990314.88, 25411779.84]'})","frozenset({'cq_000:[13406098.0, 17958276.0]'})",0.18121693121693122,5.006622516556291
367,"frozenset({'cq_000:[13406098.0, 17958276.0]'})","frozenset({'bb_000:[13406098.0, 17958276.0]', 'cj_000:[990314.88, 25411779.84]', 'bu_000:[13406098.0, 17958276.0]'})",0.18121693121693122,5.006622516556291
366,"frozenset({'bu_000:[13406098.0, 17958276.0]'})","frozenset({'bb_000:[13406098.0, 17958276.0]', 'cj_000:[990314.88, 25411779.84]', 'cq_000:[13406098.0, 17958276.0]'})",0.18121693121693122,5.006622516556291
365,"frozenset({'bb_000:[13406098.0, 17958276.0]'})","frozenset({'cj_000:[990314.88, 25411779.84]', 'bu_000:[13406098.0, 17958276.0]', 'cq_000:[13406098.0, 17958276.0]'})",0.18121693121693122,5.006622516556291
364,"frozenset({'bu_000:[13406098.0, 17958276.0]', 'cq_000:[13406098.0, 17958276.0]'})","frozenset({'bb_000:[13406098.0, 17958276.0]', 'cj_000:[990314.88, 25411779.84]'})",0.18121693121693122,5.006622516556291
363,"frozenset({'cj_000:[990314.88, 25411779.84]', 'cq_000:[13406098.0, 17958276.0]'})","frozenset({'bb_000:[13406098.0, 17958276.0]', 'bu_000:[13406098.0, 17958276.0]'})",0.18121693121693122,5.006622516556291
362,"frozenset({'cj_000:[990314.88, 25411779.84]', 'bu_000:[13406098.0, 17958276.0]'})","frozenset({'bb_000:[13406098.0, 17958276.0]', 'cq_000:[13406098.0, 17958276.0]'})",0.18121693121693122,5.006622516556291
361,"frozenset({'bb_000:[13406098.0, 17958276.0]', 'cq_000:[13406098.0, 17958276.0]'})","frozenset({'cj_000:[990314.88, 25411779.84]', 'bu_000:[13406098.0, 17958276.0]'})",0.18121693121693122,5.006622516556291
360,"frozenset({'bb_000:[13406098.0, 17958276.0]', 'bu_000:[13406098.0, 17958276.0]'})","frozenset({'cj_000:[990314.88, 25411779.84]', 'cq_000:[13406098.0, 17958276.0]'})",0.18121693121693122,5.006622516556291
359,"frozenset({'bb_000:[13406098.0, 17958276.0]', 'cj_000:[990314.88, 25411779.84]'})","frozenset({'bu_000:[13406098.0, 17958276.0]', 'cq_000:[13406098.0, 17958276.0]'})",0.18121693121693122,5.006622516556291
358,"frozenset({'cj_000:[990314.88, 25411779.84]', 'bu_000:[13406098.0, 17958276.0]', 'cq_000:[13406098.0, 17958276.0]'})","frozenset({'bb_000:[13406098.0, 17958276.0]'})",0.18121693121693122,5.006622516556291
356,"frozenset({'bb_000:[13406098.0, 17958276.0]', 'cj_000:[990314.88, 25411779.84]', 'cq_000:[13406098.0, 17958276.0]'})","frozenset({'bu_000:[13406098.0, 17958276.0]'})",0.18121693121693122,5.006622516556291
355,"frozenset({'bb_000:[13406098.0, 17958276.0]', 'cj_000:[990314.88, 25411779.84]', 'bu_000:[13406098.0, 17958276.0]'})","frozenset({'cq_000:[13406098.0, 17958276.0]'})",0.18121693121693122,5.006622516556291
354,"frozenset({'cq_000:[13406098.0, 17958276.0]'})","frozenset({'bv_000:[13406098.0, 17958276.0]', 'bb_000:[13406098.0, 17958276.0]', 'bu_000:[13406098.0, 17958276.0]'})",0.19973544973544974,5.006622516556291
353,"frozenset({'bu_000:[13406098.0, 17958276.0]'})","frozenset({'bv_000:[13406098.0, 17958276.0]', 'bb_000:[13406098.0, 17958276.0]', 'cq_000:[13406098.0, 17958276.0]'})",0.19973544973544974,5.006622516556291
352,"frozenset({'bb_000:[13406098.0, 17958276.0]'})","frozenset({'bv_000:[13406098.0, 17958276.0]', 'bu_000:[13406098.0, 17958276.0]', 'cq_000:[13406098.0, 17958276.0]'})",0.19973544973544974,5.006622516556291
351,"frozenset({'bv_000:[13406098.0, 17958276.0]'})","frozenset({'bb_000:[13406098.0, 17958276.0]', 'bu_000:[13406098.0, 17958276.0]', 'cq_000:[13406098.0, 17958276.0]'})",0.19973544973544974,5.006622516556291
350,"frozenset({'bu_000:[13406098.0, 17958276.0]', 'cq_000:[13406098.0, 17958276.0]'})","frozenset({'bv_000:[13406098.0, 17958276.0]', 'bb_000:[13406098.0, 17958276.0]'})",0.19973544973544974,5.006622516556291
349,"frozenset({'bb_000:[13406098.0, 17958276.0]', 'cq_000:[13406098.0, 17958276.0]'})","frozenset({'bv_000:[13406098.0, 17958276.0]', 'bu_000:[13406098.0, 17958276.0]'})",0.19973544973544974,5.006622516556291
348,"frozenset({'bb_000:[13406098.0, 17958276.0]', 'bu_000:[13406098.0, 17958276.0]'})","frozenset({'bv_000:[13406098.0, 17958276.0]', 'cq_000:[13406098.0, 17958276.0]'})",0.19973544973544974,5.006622516556291
347,"frozenset({'bv_000:[13406098.0, 17958276.0]', 'cq_000:[13406098.0, 17958276.0]'})","frozenset({'bb_000:[13406098.0, 17958276.0]', 'bu_000:[13406098.0, 17958276.0]'})",0.19973544973544974,5.006622516556291
346,"frozenset({'bv_000:[13406098.0, 17958276.0]', 'bu_000:[13406098.0, 17958276.0]'})","frozenset({'bb_000:[13406098.0, 17958276.0]', 'cq_000:[13406098.0, 17958276.0]'})",0.19973544973544974,5.006622516556291
345,"frozenset({'bv_000:[13406098.0, 17958276.0]', 'bb_000:[13406098.0, 17958276.0]'})","frozenset({'bu_000:[13406098.0, 17958276.0]', 'cq_000:[13406098.0, 17958276.0]'})",0.19973544973544974,5.006622516556291
312,"frozenset({'bu_000:[11559884.0, 13406098.0]'})","frozenset({'cj_000:[990314.88, 25411779.84]', 'cq_000:[11559884.0, 13406098.0]', 'bb_000:[11559884.0, 13406098.0]'})",0.18386243386243387,5.006622516556291
311,"frozenset({'cq_000:[11559884.0, 13406098.0]', 'bb_000:[11559884.0, 13406098.0]'})","frozenset({'bu_000:[11559884.0, 13406098.0]', 'cj_000:[990314.88, 25411779.84]'})",0.18386243386243387,5.006622516556291
310,"frozenset({'cj_000:[990314.88, 25411779.84]', 'bb_000:[11559884.0, 13406098.0]'})","frozenset({'bu_000:[11559884.0, 13406098.0]', 'cq_000:[11559884.0, 13406098.0]'})",0.18386243386243387,5.006622516556291
280,"frozenset({'bu_000:[11559884.0, 13406098.0]', 'bv_000:[11559884.0, 13406098.0]'})","frozenset({'cj_000:[990314.88, 25411779.84]', 'bb_000:[11559884.0, 13406098.0]'})",0.18386243386243387,5.006622516556291
278,"frozenset({'cj_000:[990314.88, 25411779.84]', 'bv_000:[11559884.0, 13406098.0]', 'bb_000:[11559884.0, 13406098.0]'})","frozenset({'bu_000:[11559884.0, 13406098.0]'})",0.18386243386243387,5.006622516556291
276,"frozenset({'bu_000:[11559884.0, 13406098.0]', 'cj_000:[990314.88, 25411779.84]', 'bb_000:[11559884.0, 13406098.0]'})","frozenset({'bv_000:[11559884.0, 13406098.0]'})",0.18386243386243387,5.006622516556291
275,"frozenset({'bu_000:[11559884.0, 13406098.0]', 'cj_000:[990314.88, 25411779.84]', 'bv_000:[11559884.0, 13406098.0]'})","frozenset({'bb_000:[11559884.0, 13406098.0]'})",0.18386243386243387,5.006622516556291
260,"frozenset({'cq_000:[13406098.0, 17958276.0]'})","frozenset({'bv_000:[13406098.0, 17958276.0]', 'cj_000:[990314.88, 25411779.84]'})",0.18121693121693122,5.006622516556291
259,"frozenset({'bv_000:[13406098.0, 17958276.0]'})","frozenset({'cj_000:[990314.88, 25411779.84]', 'cq_000:[13406098.0, 17958276.0]'})",0.18121693121693122,5.006622516556291
258,"frozenset({'cj_000:[990314.88, 25411779.84]', 'cq_000:[13406098.0, 17958276.0]'})","frozenset({'bv_000:[13406098.0, 17958276.0]'})",0.18121693121693122,5.006622516556291
256,"frozenset({'bv_000:[13406098.0, 17958276.0]', 'cj_000:[990314.88, 25411779.84]'})","frozenset({'cq_000:[13406098.0, 17958276.0]'})",0.18121693121693122,5.006622516556291
255,"frozenset({'bv_000:[11559884.0, 13406098.0]'})","frozenset({'cj_000:[990314.88, 25411779.84]', 'cq_000:[11559884.0, 13406098.0]'})",0.18386243386243387,5.006622516556291
254,"frozenset({'cq_000:[11559884.0, 13406098.0]'})","frozenset({'cj_000:[990314.88, 25411779.84]', 'bv_000:[11559884.0, 13406098.0]'})",0.18386243386243387,5.006622516556291
252,"frozenset({'cj_000:[990314.88, 25411779.84]', 'bv_000:[11559884.0, 13406098.0]'})","frozenset({'cq_000:[11559884.0, 13406098.0]'})",0.18386243386243387,5.006622516556291
251,"frozenset({'cj_000:[990314.88, 25411779.84]', 'cq_000:[11559884.0, 13406098.0]'})","frozenset({'bv_000:[11559884.0, 13406098.0]'})",0.18386243386243387,5.006622516556291
250,"frozenset({'bv_000:[33129954.0, 118355788.0]'})","frozenset({'bu_000:[33129954.0, 118355788.0]', 'cq_000:[33129954.0, 118355788.0]'})",0.19973544973544974,5.006622516556291
249,"frozenset({'cq_000:[33129954.0, 118355788.0]'})","frozenset({'bu_000:[33129954.0, 118355788.0]', 'bv_000:[33129954.0, 118355788.0]'})",0.19973544973544974,5.006622516556291
248,"frozenset({'bu_000:[33129954.0, 118355788.0]'})","frozenset({'cq_000:[33129954.0, 118355788.0]', 'bv_000:[33129954.0, 118355788.0]'})",0.19973544973544974,5.006622516556291
247,"frozenset({'cq_000:[33129954.0, 118355788.0]', 'bv_000:[33129954.0, 118355788.0]'})","frozenset({'bu_000:[33129954.0, 118355788.0]'})",0.19973544973544974,5.006622516556291
245,"frozenset({'bu_000:[33129954.0, 118355788.0]', 'cq_000:[33129954.0, 118355788.0]'})","frozenset({'bv_000:[33129954.0, 118355788.0]'})",0.19973544973544974,5.006622516556291
244,"frozenset({'bv_000:[17958276.0, 33129954.0]'})","frozenset({'bu_000:[17958276.0, 33129954.0]', 'cq_000:[17958276.0, 33129954.0]'})",0.19973544973544974,5.006622516556291
243,"frozenset({'cq_000:[17958276.0, 33129954.0]'})","frozenset({'bu_000:[17958276.0, 33129954.0]', 'bv_000:[17958276.0, 33129954.0]'})",0.19973544973544974,5.006622516556291
242,"frozenset({'bu_000:[17958276.0, 33129954.0]'})","frozenset({'cq_000:[17958276.0, 33129954.0]', 'bv_000:[17958276.0, 33129954.0]'})",0.19973544973544974,5.006622516556291
241,"frozenset({'cq_000:[17958276.0, 33129954.0]', 'bv_000:[17958276.0, 33129954.0]'})","frozenset({'bu_000:[17958276.0, 33129954.0]'})",0.19973544973544974,5.006622516556291
240,"frozenset({'bu_000:[17958276.0, 33129954.0]', 'bv_000:[17958276.0, 33129954.0]'})","frozenset({'cq_000:[17958276.0, 33129954.0]'})",0.19973544973544974,5.006622516556291
239,"frozenset({'bu_000:[17958276.0, 33129954.0]', 'cq_000:[17958276.0, 33129954.0]'})","frozenset({'bv_000:[17958276.0, 33129954.0]'})",0.19973544973544974,5.006622516556291
238,"frozenset({'cq_000:[13406098.0, 17958276.0]'})","frozenset({'cj_000:[990314.88, 25411779.84]', 'bu_000:[13406098.0, 17958276.0]'})",0.18121693121693122,5.006622516556291
237,"frozenset({'bu_000:[13406098.0, 17958276.0]'})","frozenset({'cj_000:[990314.88, 25411779.84]', 'cq_000:[13406098.0, 17958276.0]'})",0.18121693121693122,5.006622516556291
235,"frozenset({'cj_000:[990314.88, 25411779.84]', 'cq_000:[13406098.0, 17958276.0]'})","frozenset({'bu_000:[13406098.0, 17958276.0]'})",0.18121693121693122,5.006622516556291
279,"frozenset({'bu_000:[11559884.0, 13406098.0]', 'cj_000:[990314.88, 25411779.84]'})","frozenset({'bv_000:[11559884.0, 13406098.0]', 'bb_000:[11559884.0, 13406098.0]'})",0.18386243386243387,5.006622516556291
281,"frozenset({'bu_000:[11559884.0, 13406098.0]', 'bb_000:[11559884.0, 13406098.0]'})","frozenset({'cj_000:[990314.88, 25411779.84]', 'bv_000:[11559884.0, 13406098.0]'})",0.18386243386243387,5.006622516556291
309,"frozenset({'cj_000:[990314.88, 25411779.84]', 'cq_000:[11559884.0, 13406098.0]'})","frozenset({'bu_000:[11559884.0, 13406098.0]', 'bb_000:[11559884.0, 13406098.0]'})",0.18386243386243387,5.006622516556291
282,"frozenset({'cj_000:[990314.88, 25411779.84]', 'bv_000:[11559884.0, 13406098.0]'})","frozenset({'bu_000:[11559884.0, 13406098.0]', 'bb_000:[11559884.0, 13406098.0]'})",0.18386243386243387,5.006622516556291
308,"frozenset({'bu_000:[11559884.0, 13406098.0]', 'bb_000:[11559884.0, 13406098.0]'})","frozenset({'cj_000:[990314.88, 25411779.84]', 'cq_000:[11559884.0, 13406098.0]'})",0.18386243386243387,5.006622516556291
307,"frozenset({'bu_000:[11559884.0, 13406098.0]', 'cq_000:[11559884.0, 13406098.0]'})","frozenset({'cj_000:[990314.88, 25411779.84]', 'bb_000:[11559884.0, 13406098.0]'})",0.18386243386243387,5.006622516556291
306,"frozenset({'bu_000:[11559884.0, 13406098.0]', 'cj_000:[990314.88, 25411779.84]'})","frozenset({'cq_000:[11559884.0, 13406098.0]', 'bb_000:[11559884.0, 13406098.0]'})",0.18386243386243387,5.006622516556291
305,"frozenset({'cj_000:[990314.88, 25411779.84]', 'cq_000:[11559884.0, 13406098.0]', 'bb_000:[11559884.0, 13406098.0]'})","frozenset({'bu_000:[11559884.0, 13406098.0]'})",0.18386243386243387,5.006622516556291
303,"frozenset({'bu_000:[11559884.0, 13406098.0]', 'cj_000:[990314.88, 25411779.84]', 'bb_000:[11559884.0, 13406098.0]'})","frozenset({'cq_000:[11559884.0, 13406098.0]'})",0.18386243386243387,5.006622516556291
302,"frozenset({'bu_000:[11559884.0, 13406098.0]', 'cj_000:[990314.88, 25411779.84]', 'cq_000:[11559884.0, 13406098.0]'})","frozenset({'bb_000:[11559884.0, 13406098.0]'})",0.18386243386243387,5.006622516556291
301,"frozenset({'bb_000:[11559884.0, 13406098.0]'})","frozenset({'bu_000:[11559884.0, 13406098.0]', 'cq_000:[11559884.0, 13406098.0]', 'bv_000:[11559884.0, 13406098.0]'})",0.19973544973544974,5.006622516556291
300,"frozenset({'bv_000:[11559884.0, 13406098.0]'})","frozenset({'bu_000:[11559884.0, 13406098.0]', 'cq_000:[11559884.0, 13406098.0]', 'bb_000:[11559884.0, 13406098.0]'})",0.19973544973544974,5.006622516556291
299,"frozenset({'cq_000:[11559884.0, 13406098.0]'})","frozenset({'bu_000:[11559884.0, 13406098.0]', 'bv_000:[11559884.0, 13406098.0]', 'bb_000:[11559884.0, 13406098.0]'})",0.19973544973544974,5.006622516556291
298,"frozenset({'bu_000:[11559884.0, 13406098.0]'})","frozenset({'cq_000:[11559884.0, 13406098.0]', 'bv_000:[11559884.0, 13406098.0]', 'bb_000:[11559884.0, 13406098.0]'})",0.19973544973544974,5.006622516556291
297,"frozenset({'bv_000:[11559884.0, 13406098.0]', 'bb_000:[11559884.0, 13406098.0]'})","frozenset({'bu_000:[11559884.0, 13406098.0]', 'cq_000:[11559884.0, 13406098.0]'})",0.19973544973544974,5.006622516556291
296,"frozenset({'cq_000:[11559884.0, 13406098.0]', 'bb_000:[11559884.0, 13406098.0]'})","frozenset({'bu_000:[11559884.0, 13406098.0]', 'bv_000:[11559884.0, 13406098.0]'})",0.19973544973544974,5.006622516556291
295,"frozenset({'cq_000:[11559884.0, 13406098.0]', 'bv_000:[11559884.0, 13406098.0]'})","frozenset({'bu_000:[11559884.0, 13406098.0]', 'bb_000:[11559884.0, 13406098.0]'})",0.19973544973544974,5.006622516556291
294,"frozenset({'bu_000:[11559884.0, 13406098.0]', 'bb_000:[11559884.0, 13406098.0]'})","frozenset({'cq_000:[11559884.0, 13406098.0]', 'bv_000:[11559884.0, 13406098.0]'})",0.19973544973544974,5.006622516556291
293,"frozenset({'bu_000:[11559884.0, 13406098.0]', 'bv_000:[11559884.0, 13406098.0]'})","frozenset({'cq_000:[11559884.0, 13406098.0]', 'bb_000:[11559884.0, 13406098.0]'})",0.19973544973544974,5.006622516556291
292,"frozenset({'bu_000:[11559884.0, 13406098.0]', 'cq_000:[11559884.0, 13406098.0]'})","frozenset({'bv_000:[11559884.0, 13406098.0]', 'bb_000:[11559884.0, 13406098.0]'})",0.19973544973544974,5.006622516556291
291,"frozenset({'cq_000:[11559884.0, 13406098.0]', 'bv_000:[11559884.0, 13406098.0]', 'bb_000:[11559884.0, 13406098.0]'})","frozenset({'bu_000:[11559884.0, 13406098.0]'})",0.19973544973544974,5.006622516556291
290,"frozenset({'bu_000:[11559884.0, 13406098.0]', 'bv_000:[11559884.0, 13406098.0]', 'bb_000:[11559884.0, 13406098.0]'})","frozenset({'cq_000:[11559884.0, 13406098.0]'})",0.19973544973544974,5.006622516556291
289,"frozenset({'bu_000:[11559884.0, 13406098.0]', 'cq_000:[11559884.0, 13406098.0]', 'bb_000:[11559884.0, 13406098.0]'})","frozenset({'bv_000:[11559884.0, 13406098.0]'})",0.19973544973544974,5.006622516556291
288,"frozenset({'bu_000:[11559884.0, 13406098.0]', 'cq_000:[11559884.0, 13406098.0]', 'bv_000:[11559884.0, 13406098.0]'})","frozenset({'bb_000:[11559884.0, 13406098.0]'})",0.19973544973544974,5.006622516556291
287,"frozenset({'bb_000:[11559884.0, 13406098.0]'})","frozenset({'bu_000:[11559884.0, 13406098.0]', 'cj_000:[990314.88, 25411779.84]', 'bv_000:[11559884.0, 13406098.0]'})",0.18386243386243387,5.006622516556291
286,"frozenset({'bv_000:[11559884.0, 13406098.0]'})","frozenset({'bu_000:[11559884.0, 13406098.0]', 'cj_000:[990314.88, 25411779.84]', 'bb_000:[11559884.0, 13406098.0]'})",0.18386243386243387,5.006622516556291
285,"frozenset({'bu_000:[11559884.0, 13406098.0]'})","frozenset({'cj_000:[990314.88, 25411779.84]', 'bv_000:[11559884.0, 13406098.0]', 'bb_000:[11559884.0, 13406098.0]'})",0.18386243386243387,5.006622516556291
284,"frozenset({'bv_000:[11559884.0, 13406098.0]', 'bb_000:[11559884.0, 13406098.0]'})","frozenset({'bu_000:[11559884.0, 13406098.0]', 'cj_000:[990314.88, 25411779.84]'})",0.18386243386243387,5.006622516556291
283,"frozenset({'cj_000:[990314.88, 25411779.84]', 'bb_000:[11559884.0, 13406098.0]'})","frozenset({'bu_000:[11559884.0, 13406098.0]', 'bv_000:[11559884.0, 13406098.0]'})",0.18386243386243387,5.006622516556291
372,"frozenset({'bv_000:[13406098.0, 17958276.0]', 'cj_000:[990314.88, 25411779.84]'})","frozenset({'bb_000:[13406098.0, 17958276.0]', 'cq_000:[13406098.0, 17958276.0]'})",0.18121693121693122,5.006622516556291
373,"frozenset({'bb_000:[13406098.0, 17958276.0]', 'cj_000:[990314.88, 25411779.84]'})","frozenset({'bv_000:[13406098.0, 17958276.0]', 'cq_000:[13406098.0, 17958276.0]'})",0.18121693121693122,5.006622516556291
374,"frozenset({'cj_000:[990314.88, 25411779.84]', 'cq_000:[13406098.0, 17958276.0]'})","frozenset({'bv_000:[13406098.0, 17958276.0]', 'bb_000:[13406098.0, 17958276.0]'})",0.18121693121693122,5.006622516556291
463,"frozenset({'bb_000:[11559884.0, 13406098.0]'})","frozenset({'bu_000:[11559884.0, 13406098.0]', 'cj_000:[990314.88, 25411779.84]', 'cq_000:[11559884.0, 13406098.0]', 'bv_000:[11559884.0, 13406098.0]'})",0.18386243386243387,5.006622516556291
461,"frozenset({'cq_000:[11559884.0, 13406098.0]'})","frozenset({'bu_000:[11559884.0, 13406098.0]', 'cj_000:[990314.88, 25411779.84]', 'bv_000:[11559884.0, 13406098.0]', 'bb_000:[11559884.0, 13406098.0]'})",0.18386243386243387,5.006622516556291
460,"frozenset({'bu_000:[11559884.0, 13406098.0]'})","frozenset({'cj_000:[990314.88, 25411779.84]', 'cq_000:[11559884.0, 13406098.0]', 'bv_000:[11559884.0, 13406098.0]', 'bb_000:[11559884.0, 13406098.0]'})",0.18386243386243387,5.006622516556291
459,"frozenset({'bv_000:[11559884.0, 13406098.0]', 'bb_000:[11559884.0, 13406098.0]'})","frozenset({'bu_000:[11559884.0, 13406098.0]', 'cj_000:[990314.88, 25411779.84]', 'cq_000:[11559884.0, 13406098.0]'})",0.18386243386243387,5.006622516556291
458,"frozenset({'cq_000:[11559884.0, 13406098.0]', 'bb_000:[11559884.0, 13406098.0]'})","frozenset({'bu_000:[11559884.0, 13406098.0]', 'cj_000:[990314.88, 25411779.84]', 'bv_000:[11559884.0, 13406098.0]'})",0.18386243386243387,5.006622516556291
457,"frozenset({'cq_000:[11559884.0, 13406098.0]', 'bv_000:[11559884.0, 13406098.0]'})","frozenset({'bu_000:[11559884.0, 13406098.0]', 'cj_000:[990314.88, 25411779.84]', 'bb_000:[11559884.0, 13406098.0]'})",0.18386243386243387,5.006622516556291
456,"frozenset({'cj_000:[990314.88, 25411779.84]', 'bb_000:[11559884.0, 13406098.0]'})","frozenset({'bu_000:[11559884.0, 13406098.0]', 'cq_000:[11559884.0, 13406098.0]', 'bv_000:[11559884.0, 13406098.0]'})",0.18386243386243387,5.006622516556291
455,"frozenset({'cj_000:[990314.88, 25411779.84]', 'bv_000:[11559884.0, 13406098.0]'})","frozenset({'bu_000:[11559884.0, 13406098.0]', 'cq_000:[11559884.0, 13406098.0]', 'bb_000:[11559884.0, 13406098.0]'})",0.18386243386243387,5.006622516556291
454,"frozenset({'cj_000:[990314.88, 25411779.84]', 'cq_000:[11559884.0, 13406098.0]'})","frozenset({'bu_000:[11559884.0, 13406098.0]', 'bv_000:[11559884.0, 13406098.0]', 'bb_000:[11559884.0, 13406098.0]'})",0.18386243386243387,5.006622516556291
453,"frozenset({'bu_000:[11559884.0, 13406098.0]', 'bb_000:[11559884.0, 13406098.0]'})","frozenset({'cj_000:[990314.88, 25411779.84]', 'cq_000:[11559884.0, 13406098.0]', 'bv_000:[11559884.0, 13406098.0]'})",0.18386243386243387,5.006622516556291
452,"frozenset({'bu_000:[11559884.0, 13406098.0]', 'bv_000:[11559884.0, 13406098.0]'})","frozenset({'cj_000:[990314.88, 25411779.84]', 'cq_000:[11559884.0, 13406098.0]', 'bb_000:[11559884.0, 13406098.0]'})",0.18386243386243387,5.006622516556291
451,"frozenset({'bu_000:[11559884.0, 13406098.0]', 'cq_000:[11559884.0, 13406098.0]'})","frozenset({'cj_000:[990314.88, 25411779.84]', 'bv_000:[11559884.0, 13406098.0]', 'bb_000:[11559884.0, 13406098.0]'})",0.18386243386243387,5.006622516556291
450,"frozenset({'bu_000:[11559884.0, 13406098.0]', 'cj_000:[990314.88, 25411779.84]'})","frozenset({'cq_000:[11559884.0, 13406098.0]', 'bv_000:[11559884.0, 13406098.0]', 'bb_000:[11559884.0, 13406098.0]'})",0.18386243386243387,5.006622516556291
449,"frozenset({'cq_000:[11559884.0, 13406098.0]', 'bv_000:[11559884.0, 13406098.0]', 'bb_000:[11559884.0, 13406098.0]'})","frozenset({'bu_000:[11559884.0, 13406098.0]', 'cj_000:[990314.88, 25411779.84]'})",0.18386243386243387,5.006622516556291
448,"frozenset({'cj_000:[990314.88, 25411779.84]', 'bv_000:[11559884.0, 13406098.0]', 'bb_000:[11559884.0, 13406098.0]'})","frozenset({'bu_000:[11559884.0, 13406098.0]', 'cq_000:[11559884.0, 13406098.0]'})",0.18386243386243387,5.006622516556291
447,"frozenset({'cj_000:[990314.88, 25411779.84]', 'cq_000:[11559884.0, 13406098.0]', 'bb_000:[11559884.0, 13406098.0]'})","frozenset({'bu_000:[11559884.0, 13406098.0]', 'bv_000:[11559884.0, 13406098.0]'})",0.18386243386243387,5.006622516556291
446,"frozenset({'cj_000:[990314.88, 25411779.84]', 'cq_000:[11559884.0, 13406098.0]', 'bv_000:[11559884.0, 13406098.0]'})","frozenset({'bu_000:[11559884.0, 13406098.0]', 'bb_000:[11559884.0, 13406098.0]'})",0.18386243386243387,5.006622516556291
445,"frozenset({'bu_000:[11559884.0, 13406098.0]', 'bv_000:[11559884.0, 13406098.0]', 'bb_000:[11559884.0, 13406098.0]'})","frozenset({'cj_000:[990314.88, 25411779.84]', 'cq_000:[11559884.0, 13406098.0]'})",0.18386243386243387,5.006622516556291
444,"frozenset({'bu_000:[11559884.0, 13406098.0]', 'cq_000:[11559884.0, 13406098.0]', 'bb_000:[11559884.0, 13406098.0]'})","frozenset({'cj_000:[990314.88, 25411779.84]', 'bv_000:[11559884.0, 13406098.0]'})",0.18386243386243387,5.006622516556291
443,"frozenset({'bu_000:[11559884.0, 13406098.0]', 'cq_000:[11559884.0, 13406098.0]', 'bv_000:[11559884.0, 13406098.0]'})","frozenset({'cj_000:[990314.88, 25411779.84]', 'bb_000:[11559884.0, 13406098.0]'})",0.18386243386243387,5.006622516556291
442,"frozenset({'bu_000:[11559884.0, 13406098.0]', 'cj_000:[990314.88, 25411779.84]', 'bb_000:[11559884.0, 13406098.0]'})","frozenset({'cq_000:[11559884.0, 13406098.0]', 'bv_000:[11559884.0, 13406098.0]'})",0.18386243386243387,5.006622516556291
441,"frozenset({'bu_000:[11559884.0, 13406098.0]', 'cj_000:[990314.88, 25411779.84]', 'bv_000:[11559884.0, 13406098.0]'})","frozenset({'cq_000:[11559884.0, 13406098.0]', 'bb_000:[11559884.0, 13406098.0]'})",0.18386243386243387,5.006622516556291
440,"frozenset({'bu_000:[11559884.0, 13406098.0]', 'cj_000:[990314.88, 25411779.84]', 'cq_000:[11559884.0, 13406098.0]'})","frozenset({'bv_000:[11559884.0, 13406098.0]', 'bb_000:[11559884.0, 13406098.0]'})",0.18386243386243387,5.006622516556291
439,"frozenset({'cj_000:[990314.88, 25411779.84]', 'cq_000:[11559884.0, 13406098.0]', 'bv_000:[11559884.0, 13406098.0]', 'bb_000:[11559884.0, 13406098.0]'})","frozenset({'bu_000:[11559884.0, 13406098.0]'})",0.18386243386243387,5.006622516556291
437,"frozenset({'bu_000:[11559884.0, 13406098.0]', 'cj_000:[990314.88, 25411779.84]', 'bv_000:[11559884.0, 13406098.0]', 'bb_000:[11559884.0, 13406098.0]'})","frozenset({'cq_000:[11559884.0, 13406098.0]'})",0.18386243386243387,5.006622516556291
436,"frozenset({'bu_000:[11559884.0, 13406098.0]', 'cj_000:[990314.88, 25411779.84]', 'cq_000:[11559884.0, 13406098.0]', 'bb_000:[11559884.0, 13406098.0]'})","frozenset({'bv_000:[11559884.0, 13406098.0]'})",0.18386243386243387,5.006622516556291
462,"frozenset({'bv_000:[11559884.0, 13406098.0]'})","frozenset({'bu_000:[11559884.0, 13406098.0]', 'cj_000:[990314.88, 25411779.84]', 'cq_000:[11559884.0, 13406098.0]', 'bb_000:[11559884.0, 13406098.0]'})",0.18386243386243387,5.006622516556291
464,"frozenset({'cj_000:[990314.88, 25411779.84]', 'bv_000:[13406098.0, 17958276.0]', 'bb_000:[13406098.0, 17958276.0]', 'bu_000:[13406098.0, 17958276.0]'})","frozenset({'cq_000:[13406098.0, 17958276.0]'})",0.18121693121693122,5.006622516556291
434,"frozenset({'cq_000:[13406098.0, 17958276.0]'})","frozenset({'bv_000:[13406098.0, 17958276.0]', 'cj_000:[990314.88, 25411779.84]', 'bu_000:[13406098.0, 17958276.0]'})",0.18121693121693122,5.006622516556291
465,"frozenset({'cj_000:[990314.88, 25411779.84]', 'bv_000:[13406098.0, 17958276.0]', 'bb_000:[13406098.0, 17958276.0]', 'cq_000:[13406098.0, 17958276.0]'})","frozenset({'bu_000:[13406098.0, 17958276.0]'})",0.18121693121693122,5.006622516556291
491,"frozenset({'bu_000:[13406098.0, 17958276.0]'})","frozenset({'cj_000:[990314.88, 25411779.84]', 'bv_000:[13406098.0, 17958276.0]', 'bb_000:[13406098.0, 17958276.0]', 'cq_000:[13406098.0, 17958276.0]'})",0.18121693121693122,5.006622516556291
490,"frozenset({'bb_000:[13406098.0, 17958276.0]'})","frozenset({'bv_000:[13406098.0, 17958276.0]', 'cj_000:[990314.88, 25411779.84]', 'bu_000:[13406098.0, 17958276.0]', 'cq_000:[13406098.0, 17958276.0]'})",0.18121693121693122,5.006622516556291
489,"frozenset({'bv_000:[13406098.0, 17958276.0]'})","frozenset({'bb_000:[13406098.0, 17958276.0]', 'cj_000:[990314.88, 25411779.84]', 'bu_000:[13406098.0, 17958276.0]', 'cq_000:[13406098.0, 17958276.0]'})",0.18121693121693122,5.006622516556291
488,"frozenset({'bu_000:[13406098.0, 17958276.0]', 'cq_000:[13406098.0, 17958276.0]'})","frozenset({'cj_000:[990314.88, 25411779.84]', 'bv_000:[13406098.0, 17958276.0]', 'bb_000:[13406098.0, 17958276.0]'})",0.18121693121693122,5.006622516556291
487,"frozenset({'cj_000:[990314.88, 25411779.84]', 'cq_000:[13406098.0, 17958276.0]'})","frozenset({'bv_000:[13406098.0, 17958276.0]', 'bb_000:[13406098.0, 17958276.0]', 'bu_000:[13406098.0, 17958276.0]'})",0.18121693121693122,5.006622516556291
486,"frozenset({'cj_000:[990314.88, 25411779.84]', 'bu_000:[13406098.0, 17958276.0]'})","frozenset({'bv_000:[13406098.0, 17958276.0]', 'bb_000:[13406098.0, 17958276.0]', 'cq_000:[13406098.0, 17958276.0]'})",0.18121693121693122,5.006622516556291
485,"frozenset({'bb_000:[13406098.0, 17958276.0]', 'cq_000:[13406098.0, 17958276.0]'})","frozenset({'bv_000:[13406098.0, 17958276.0]', 'cj_000:[990314.88, 25411779.84]', 'bu_000:[13406098.0, 17958276.0]'})",0.18121693121693122,5.006622516556291
484,"frozenset({'bb_000:[13406098.0, 17958276.0]', 'bu_000:[13406098.0, 17958276.0]'})","frozenset({'bv_000:[13406098.0, 17958276.0]', 'cj_000:[990314.88, 25411779.84]', 'cq_000:[13406098.0, 17958276.0]'})",0.18121693121693122,5.006622516556291
483,"frozenset({'bb_000:[13406098.0, 17958276.0]', 'cj_000:[990314.88, 25411779.84]'})","frozenset({'bv_000:[13406098.0, 17958276.0]', 'bu_000:[13406098.0, 17958276.0]', 'cq_000:[13406098.0, 17958276.0]'})",0.18121693121693122,5.006622516556291
482,"frozenset({'bv_000:[13406098.0, 17958276.0]', 'cq_000:[13406098.0, 17958276.0]'})","frozenset({'bb_000:[13406098.0, 17958276.0]', 'cj_000:[990314.88, 25411779.84]', 'bu_000:[13406098.0, 17958276.0]'})",0.18121693121693122,5.006622516556291
481,"frozenset({'bv_000:[13406098.0, 17958276.0]', 'bu_000:[13406098.0, 17958276.0]'})","frozenset({'bb_000:[13406098.0, 17958276.0]', 'cj_000:[990314.88, 25411779.84]', 'cq_000:[13406098.0, 17958276.0]'})",0.18121693121693122,5.006622516556291
480,"frozenset({'bv_000:[13406098.0, 17958276.0]', 'cj_000:[990314.88, 25411779.84]'})","frozenset({'bb_000:[13406098.0, 17958276.0]', 'bu_000:[13406098.0, 17958276.0]', 'cq_000:[13406098.0, 17958276.0]'})",0.18121693121693122,5.006622516556291
479,"frozenset({'bv_000:[13406098.0, 17958276.0]', 'bb_000:[13406098.0, 17958276.0]'})","frozenset({'cj_000:[990314.88, 25411779.84]', 'bu_000:[13406098.0, 17958276.0]', 'cq_000:[13406098.0, 17958276.0]'})",0.18121693121693122,5.006622516556291
478,"frozenset({'cj_000:[990314.88, 25411779.84]', 'bu_000:[13406098.0, 17958276.0]', 'cq_000:[13406098.0, 17958276.0]'})","frozenset({'bv_000:[13406098.0, 17958276.0]', 'bb_000:[13406098.0, 17958276.0]'})",0.18121693121693122,5.006622516556291
477,"frozenset({'bb_000:[13406098.0, 17958276.0]', 'bu_000:[13406098.0, 17958276.0]', 'cq_000:[13406098.0, 17958276.0]'})","frozenset({'bv_000:[13406098.0, 17958276.0]', 'cj_000:[990314.88, 25411779.84]'})",0.18121693121693122,5.006622516556291
476,"frozenset({'bb_000:[13406098.0, 17958276.0]', 'cj_000:[990314.88, 25411779.84]', 'cq_000:[13406098.0, 17958276.0]'})","frozenset({'bv_000:[13406098.0, 17958276.0]', 'bu_000:[13406098.0, 17958276.0]'})",0.18121693121693122,5.006622516556291
475,"frozenset({'bb_000:[13406098.0, 17958276.0]', 'cj_000:[990314.88, 25411779.84]', 'bu_000:[13406098.0, 17958276.0]'})","frozenset({'bv_000:[13406098.0, 17958276.0]', 'cq_000:[13406098.0, 17958276.0]'})",0.18121693121693122,5.006622516556291
474,"frozenset({'bv_000:[13406098.0, 17958276.0]', 'bu_000:[13406098.0, 17958276.0]', 'cq_000:[13406098.0, 17958276.0]'})","frozenset({'bb_000:[13406098.0, 17958276.0]', 'cj_000:[990314.88, 25411779.84]'})",0.18121693121693122,5.006622516556291
473,"frozenset({'bv_000:[13406098.0, 17958276.0]', 'cj_000:[990314.88, 25411779.84]', 'cq_000:[13406098.0, 17958276.0]'})","frozenset({'bb_000:[13406098.0, 17958276.0]', 'bu_000:[13406098.0, 17958276.0]'})",0.18121693121693122,5.006622516556291
472,"frozenset({'bv_000:[13406098.0, 17958276.0]', 'cj_000:[990314.88, 25411779.84]', 'bu_000:[13406098.0, 17958276.0]'})","frozenset({'bb_000:[13406098.0, 17958276.0]', 'cq_000:[13406098.0, 17958276.0]'})",0.18121693121693122,5.006622516556291
471,"frozenset({'bv_000:[13406098.0, 17958276.0]', 'bb_000:[13406098.0, 17958276.0]', 'cq_000:[13406098.0, 17958276.0]'})","frozenset({'cj_000:[990314.88, 25411779.84]', 'bu_000:[13406098.0, 17958276.0]'})",0.18121693121693122,5.006622516556291
470,"frozenset({'bv_000:[13406098.0, 17958276.0]', 'bb_000:[13406098.0, 17958276.0]', 'bu_000:[13406098.0, 17958276.0]'})","frozenset({'cj_000:[990314.88, 25411779.84]', 'cq_000:[13406098.0, 17958276.0]'})",0.18121693121693122,5.006622516556291
469,"frozenset({'cj_000:[990314.88, 25411779.84]', 'bv_000:[13406098.0, 17958276.0]', 'bb_000:[13406098.0, 17958276.0]'})","frozenset({'bu_000:[13406098.0, 17958276.0]', 'cq_000:[13406098.0, 17958276.0]'})",0.18121693121693122,5.006622516556291
468,"frozenset({'bb_000:[13406098.0, 17958276.0]', 'cj_000:[990314.88, 25411779.84]', 'bu_000:[13406098.0, 17958276.0]', 'cq_000:[13406098.0, 17958276.0]'})","frozenset({'bv_000:[13406098.0, 17958276.0]'})",0.18121693121693122,5.006622516556291
467,"frozenset({'bv_000:[13406098.0, 17958276.0]', 'cj_000:[990314.88, 25411779.84]', 'bu_000:[13406098.0, 17958276.0]', 'cq_000:[13406098.0, 17958276.0]'})","frozenset({'bb_000:[13406098.0, 17958276.0]'})",0.18121693121693122,5.006622516556291
435,"frozenset({'bu_000:[11559884.0, 13406098.0]', 'cj_000:[990314.88, 25411779.84]', 'cq_000:[11559884.0, 13406098.0]', 'bv_000:[11559884.0, 13406098.0]'})","frozenset({'bb_000:[11559884.0, 13406098.0]'})",0.18386243386243387,5.006622516556291
433,"frozenset({'bu_000:[13406098.0, 17958276.0]'})","frozenset({'bv_000:[13406098.0, 17958276.0]', 'cj_000:[990314.88, 25411779.84]', 'cq_000:[13406098.0, 17958276.0]'})",0.18121693121693122,5.006622516556291
375,"frozenset({'bv_000:[13406098.0, 17958276.0]', 'bb_000:[13406098.0, 17958276.0]'})","frozenset({'cj_000:[990314.88, 25411779.84]', 'cq_000:[13406098.0, 17958276.0]'})",0.18121693121693122,5.006622516556291
402,"frozenset({'cq_000:[33129954.0, 118355788.0]', 'bv_000:[33129954.0, 118355788.0]'})","frozenset({'bu_000:[33129954.0, 118355788.0]', 'bb_000:[33129954.0, 118355788.0]'})",0.19973544973544974,5.006622516556291
400,"frozenset({'bu_000:[33129954.0, 118355788.0]', 'bv_000:[33129954.0, 118355788.0]'})","frozenset({'cq_000:[33129954.0, 118355788.0]', 'bb_000:[33129954.0, 118355788.0]'})",0.19973544973544974,5.006622516556291
399,"frozenset({'bu_000:[33129954.0, 118355788.0]', 'cq_000:[33129954.0, 118355788.0]'})","frozenset({'bv_000:[33129954.0, 118355788.0]', 'bb_000:[33129954.0, 118355788.0]'})",0.19973544973544974,5.006622516556291
398,"frozenset({'cq_000:[33129954.0, 118355788.0]', 'bv_000:[33129954.0, 118355788.0]', 'bb_000:[33129954.0, 118355788.0]'})","frozenset({'bu_000:[33129954.0, 118355788.0]'})",0.19973544973544974,5.006622516556291
397,"frozenset({'bu_000:[33129954.0, 118355788.0]', 'bv_000:[33129954.0, 118355788.0]', 'bb_000:[33129954.0, 118355788.0]'})","frozenset({'cq_000:[33129954.0, 118355788.0]'})",0.19973544973544974,5.006622516556291
396,"frozenset({'bu_000:[33129954.0, 118355788.0]', 'cq_000:[33129954.0, 118355788.0]', 'bb_000:[33129954.0, 118355788.0]'})","frozenset({'bv_000:[33129954.0, 118355788.0]'})",0.19973544973544974,5.006622516556291
395,"frozenset({'bu_000:[33129954.0, 118355788.0]', 'cq_000:[33129954.0, 118355788.0]', 'bv_000:[33129954.0, 118355788.0]'})","frozenset({'bb_000:[33129954.0, 118355788.0]'})",0.19973544973544974,5.006622516556291
394,"frozenset({'bv_000:[17958276.0, 33129954.0]'})","frozenset({'bu_000:[17958276.0, 33129954.0]', 'bb_000:[17958276.0, 33129954.0]', 'cq_000:[17958276.0, 33129954.0]'})",0.19973544973544974,5.006622516556291
393,"frozenset({'cq_000:[17958276.0, 33129954.0]'})","frozenset({'bu_000:[17958276.0, 33129954.0]', 'bb_000:[17958276.0, 33129954.0]', 'bv_000:[17958276.0, 33129954.0]'})",0.19973544973544974,5.006622516556291
392,"frozenset({'bb_000:[17958276.0, 33129954.0]'})","frozenset({'bu_000:[17958276.0, 33129954.0]', 'cq_000:[17958276.0, 33129954.0]', 'bv_000:[17958276.0, 33129954.0]'})",0.19973544973544974,5.006622516556291
391,"frozenset({'bu_000:[17958276.0, 33129954.0]'})","frozenset({'bb_000:[17958276.0, 33129954.0]', 'cq_000:[17958276.0, 33129954.0]', 'bv_000:[17958276.0, 33129954.0]'})",0.19973544973544974,5.006622516556291
390,"frozenset({'cq_000:[17958276.0, 33129954.0]', 'bv_000:[17958276.0, 33129954.0]'})","frozenset({'bu_000:[17958276.0, 33129954.0]', 'bb_000:[17958276.0, 33129954.0]'})",0.19973544973544974,5.006622516556291
389,"frozenset({'bb_000:[17958276.0, 33129954.0]', 'bv_000:[17958276.0, 33129954.0]'})","frozenset({'bu_000:[17958276.0, 33129954.0]', 'cq_000:[17958276.0, 33129954.0]'})",0.19973544973544974,5.006622516556291
388,"frozenset({'bb_000:[17958276.0, 33129954.0]', 'cq_000:[17958276.0, 33129954.0]'})","frozenset({'bu_000:[17958276.0, 33129954.0]', 'bv_000:[17958276.0, 33129954.0]'})",0.19973544973544974,5.006622516556291
387,"frozenset({'bu_000:[17958276.0, 33129954.0]', 'bv_000:[17958276.0, 33129954.0]'})","frozenset({'bb_000:[17958276.0, 33129954.0]', 'cq_000:[17958276.0, 33129954.0]'})",0.19973544973544974,5.006622516556291
386,"frozenset({'bu_000:[17958276.0, 33129954.0]', 'cq_000:[17958276.0, 33129954.0]'})","frozenset({'bb_000:[17958276.0, 33129954.0]', 'bv_000:[17958276.0, 33129954.0]'})",0.19973544973544974,5.006622516556291
385,"frozenset({'bu_000:[17958276.0, 33129954.0]', 'bb_000:[17958276.0, 33129954.0]'})","frozenset({'cq_000:[17958276.0, 33129954.0]', 'bv_000:[17958276.0, 33129954.0]'})",0.19973544973544974,5.006622516556291
384,"frozenset({'bb_000:[17958276.0, 33129954.0]', 'cq_000:[17958276.0, 33129954.0]', 'bv_000:[17958276.0, 33129954.0]'})","frozenset({'bu_000:[17958276.0, 33129954.0]'})",0.19973544973544974,5.006622516556291
383,"frozenset({'bu_000:[17958276.0, 33129954.0]', 'cq_000:[17958276.0, 33129954.0]', 'bv_000:[17958276.0, 33129954.0]'})","frozenset({'bb_000:[17958276.0, 33129954.0]'})",0.19973544973544974,5.006622516556291
382,"frozenset({'bu_000:[17958276.0, 33129954.0]', 'bb_000:[17958276.0, 33129954.0]', 'bv_000:[17958276.0, 33129954.0]'})","frozenset({'cq_000:[17958276.0, 33129954.0]'})",0.19973544973544974,5.006622516556291
381,"frozenset({'bu_000:[17958276.0, 33129954.0]', 'bb_000:[17958276.0, 33129954.0]', 'cq_000:[17958276.0, 33129954.0]'})","frozenset({'bv_000:[17958276.0, 33129954.0]'})",0.19973544973544974,5.006622516556291
380,"frozenset({'cq_000:[13406098.0, 17958276.0]'})","frozenset({'bb_000:[13406098.0, 17958276.0]', 'bv_000:[13406098.0, 17958276.0]', 'cj_000:[990314.88, 25411779.84]'})",0.18121693121693122,5.006622516556291
379,"frozenset({'bb_000:[13406098.0, 17958276.0]'})","frozenset({'bv_000:[13406098.0, 17958276.0]', 'cj_000:[990314.88, 25411779.84]', 'cq_000:[13406098.0, 17958276.0]'})",0.18121693121693122,5.006622516556291
378,"frozenset({'bv_000:[13406098.0, 17958276.0]'})","frozenset({'bb_000:[13406098.0, 17958276.0]', 'cj_000:[990314.88, 25411779.84]', 'cq_000:[13406098.0, 17958276.0]'})",0.18121693121693122,5.006622516556291
377,"frozenset({'bb_000:[13406098.0, 17958276.0]', 'cq_000:[13406098.0, 17958276.0]'})","frozenset({'bv_000:[13406098.0, 17958276.0]', 'cj_000:[990314.88, 25411779.84]'})",0.18121693121693122,5.006622516556291
376,"frozenset({'bv_000:[13406098.0, 17958276.0]', 'cq_000:[13406098.0, 17958276.0]'})","frozenset({'bb_000:[13406098.0, 17958276.0]', 'cj_000:[990314.88, 25411779.84]'})",0.18121693121693122,5.006622516556291
401,"frozenset({'bu_000:[33129954.0, 118355788.0]', 'bb_000:[33129954.0, 118355788.0]'})","frozenset({'cq_000:[33129954.0, 118355788.0]', 'bv_000:[33129954.0, 118355788.0]'})",0.19973544973544974,5.006622516556291
403,"frozenset({'cq_000:[33129954.0, 118355788.0]', 'bb_000:[33129954.0, 118355788.0]'})","frozenset({'bu_000:[33129954.0, 118355788.0]', 'bv_000:[33129954.0, 118355788.0]'})",0.19973544973544974,5.006622516556291
432,"frozenset({'bv_000:[13406098.0, 17958276.0]'})","frozenset({'cj_000:[990314.88, 25411779.84]', 'bu_000:[13406098.0, 17958276.0]', 'cq_000:[13406098.0, 17958276.0]'})",0.18121693121693122,5.006622516556291
404,"frozenset({'bv_000:[33129954.0, 118355788.0]', 'bb_000:[33129954.0, 118355788.0]'})","frozenset({'bu_000:[33129954.0, 118355788.0]', 'cq_000:[33129954.0, 118355788.0]'})",0.19973544973544974,5.006622516556291
431,"frozenset({'bu_000:[13406098.0, 17958276.0]', 'cq_000:[13406098.0, 17958276.0]'})","frozenset({'bv_000:[13406098.0, 17958276.0]', 'cj_000:[990314.88, 25411779.84]'})",0.18121693121693122,5.006622516556291
430,"frozenset({'cj_000:[990314.88, 25411779.84]', 'cq_000:[13406098.0, 17958276.0]'})","frozenset({'bv_000:[13406098.0, 17958276.0]', 'bu_000:[13406098.0, 17958276.0]'})",0.18121693121693122,5.006622516556291
429,"frozenset({'cj_000:[990314.88, 25411779.84]', 'bu_000:[13406098.0, 17958276.0]'})","frozenset({'bv_000:[13406098.0, 17958276.0]', 'cq_000:[13406098.0, 17958276.0]'})",0.18121693121693122,5.006622516556291
428,"frozenset({'bv_000:[13406098.0, 17958276.0]', 'cq_000:[13406098.0, 17958276.0]'})","frozenset({'cj_000:[990314.88, 25411779.84]', 'bu_000:[13406098.0, 17958276.0]'})",0.18121693121693122,5.006622516556291
427,"frozenset({'bv_000:[13406098.0, 17958276.0]', 'bu_000:[13406098.0, 17958276.0]'})","frozenset({'cj_000:[990314.88, 25411779.84]', 'cq_000:[13406098.0, 17958276.0]'})",0.18121693121693122,5.006622516556291
426,"frozenset({'bv_000:[13406098.0, 17958276.0]', 'cj_000:[990314.88, 25411779.84]'})","frozenset({'bu_000:[13406098.0, 17958276.0]', 'cq_000:[13406098.0, 17958276.0]'})",0.18121693121693122,5.006622516556291
425,"frozenset({'cj_000:[990314.88, 25411779.84]', 'bu_000:[13406098.0, 17958276.0]', 'cq_000:[13406098.0, 17958276.0]'})","frozenset({'bv_000:[13406098.0, 17958276.0]'})",0.18121693121693122,5.006622516556291
423,"frozenset({'bv_000:[13406098.0, 17958276.0]', 'cj_000:[990314.88, 25411779.84]', 'cq_000:[13406098.0, 17958276.0]'})","frozenset({'bu_000:[13406098.0, 17958276.0]'})",0.18121693121693122,5.006622516556291
422,"frozenset({'bv_000:[13406098.0, 17958276.0]', 'cj_000:[990314.88, 25411779.84]', 'bu_000:[13406098.0, 17958276.0]'})","frozenset({'cq_000:[13406098.0, 17958276.0]'})",0.18121693121693122,5.006622516556291
421,"frozenset({'bv_000:[11559884.0, 13406098.0]'})","frozenset({'bu_000:[11559884.0, 13406098.0]', 'cj_000:[990314.88, 25411779.84]', 'cq_000:[11559884.0, 13406098.0]'})",0.18386243386243387,5.006622516556291
420,"frozenset({'cq_000:[11559884.0, 13406098.0]'})","frozenset({'bu_000:[11559884.0, 13406098.0]', 'cj_000:[990314.88, 25411779.84]', 'bv_000:[11559884.0, 13406098.0]'})",0.18386243386243387,5.006622516556291
419,"frozenset({'bu_000:[11559884.0, 13406098.0]'})","frozenset({'cj_000:[990314.88, 25411779.84]', 'cq_000:[11559884.0, 13406098.0]', 'bv_000:[11559884.0, 13406098.0]'})",0.18386243386243387,5.006622516556291
418,"frozenset({'cq_000:[11559884.0, 13406098.0]', 'bv_000:[11559884.0, 13406098.0]'})","frozenset({'bu_000:[11559884.0, 13406098.0]', 'cj_000:[990314.88, 25411779.84]'})",0.18386243386243387,5.006622516556291
417,"frozenset({'cj_000:[990314.88, 25411779.84]', 'bv_000:[11559884.0, 13406098.0]'})","frozenset({'bu_000:[11559884.0, 13406098.0]', 'cq_000:[11559884.0, 13406098.0]'})",0.18386243386243387,5.006622516556291
416,"frozenset({'cj_000:[990314.88, 25411779.84]', 'cq_000:[11559884.0, 13406098.0]'})","frozenset({'bu_000:[11559884.0, 13406098.0]', 'bv_000:[11559884.0, 13406098.0]'})",0.18386243386243387,5.006622516556291
415,"frozenset({'bu_000:[11559884.0, 13406098.0]', 'bv_000:[11559884.0, 13406098.0]'})","frozenset({'cj_000:[990314.88, 25411779.84]', 'cq_000:[11559884.0, 13406098.0]'})",0.18386243386243387,5.006622516556291
414,"frozenset({'bu_000:[11559884.0, 13406098.0]', 'cq_000:[11559884.0, 13406098.0]'})","frozenset({'cj_000:[990314.88, 25411779.84]', 'bv_000:[11559884.0, 13406098.0]'})",0.18386243386243387,5.006622516556291
413,"frozenset({'bu_000:[11559884.0, 13406098.0]', 'cj_000:[990314.88, 25411779.84]'})","frozenset({'cq_000:[11559884.0, 13406098.0]', 'bv_000:[11559884.0, 13406098.0]'})",0.18386243386243387,5.006622516556291
412,"frozenset({'cj_000:[990314.88, 25411779.84]', 'cq_000:[11559884.0, 13406098.0]', 'bv_000:[11559884.0, 13406098.0]'})","frozenset({'bu_000:[11559884.0, 13406098.0]'})",0.18386243386243387,5.006622516556291
410,"frozenset({'bu_000:[11559884.0, 13406098.0]', 'cj_000:[990314.88, 25411779.84]', 'bv_000:[11559884.0, 13406098.0]'})","frozenset({'cq_000:[11559884.0, 13406098.0]'})",0.18386243386243387,5.006622516556291
409,"frozenset({'bu_000:[11559884.0, 13406098.0]', 'cj_000:[990314.88, 25411779.84]', 'cq_000:[11559884.0, 13406098.0]'})","frozenset({'bv_000:[11559884.0, 13406098.0]'})",0.18386243386243387,5.006622516556291
408,"frozenset({'bb_000:[33129954.0, 118355788.0]'})","frozenset({'bu_000:[33129954.0, 118355788.0]', 'cq_000:[33129954.0, 118355788.0]', 'bv_000:[33129954.0, 118355788.0]'})",0.19973544973544974,5.006622516556291
407,"frozenset({'bv_000:[33129954.0, 118355788.0]'})","frozenset({'bu_000:[33129954.0, 118355788.0]', 'cq_000:[33129954.0, 118355788.0]', 'bb_000:[33129954.0, 118355788.0]'})",0.19973544973544974,5.006622516556291
406,"frozenset({'cq_000:[33129954.0, 118355788.0]'})","frozenset({'bu_000:[33129954.0, 118355788.0]', 'bv_000:[33129954.0, 118355788.0]', 'bb_000:[33129954.0, 118355788.0]'})",0.19973544973544974,5.006622516556291
405,"frozenset({'bu_000:[33129954.0, 118355788.0]'})","frozenset({'cq_000:[33129954.0, 118355788.0]', 'bv_000:[33129954.0, 118355788.0]', 'bb_000:[33129954.0, 118355788.0]'})",0.19973544973544974,5.006622516556291
234,"frozenset({'cj_000:[990314.88, 25411779.84]', 'bu_000:[13406098.0, 17958276.0]'})","frozenset({'cq_000:[13406098.0, 17958276.0]'})",0.18121693121693122,5.006622516556291
492,"frozenset({'cq_000:[13406098.0, 17958276.0]'})","frozenset({'cj_000:[990314.88, 25411779.84]', 'bv_000:[13406098.0, 17958276.0]', 'bb_000:[13406098.0, 17958276.0]', 'bu_000:[13406098.0, 17958276.0]'})",0.18121693121693122,5.006622516556291
232,"frozenset({'bu_000:[13406098.0, 17958276.0]'})","frozenset({'bv_000:[13406098.0, 17958276.0]', 'cq_000:[13406098.0, 17958276.0]'})",0.19973544973544974,5.006622516556291
113,"frozenset({'bu_000:[11559884.0, 13406098.0]'})","frozenset({'cq_000:[11559884.0, 13406098.0]', 'bb_000:[11559884.0, 13406098.0]'})",0.19973544973544974,5.006622516556291
124,"frozenset({'cq_000:[11559884.0, 13406098.0]'})","frozenset({'bv_000:[11559884.0, 13406098.0]', 'bb_000:[11559884.0, 13406098.0]'})",0.19973544973544974,5.006622516556291
123,"frozenset({'bv_000:[11559884.0, 13406098.0]', 'bb_000:[11559884.0, 13406098.0]'})","frozenset({'cq_000:[11559884.0, 13406098.0]'})",0.19973544973544974,5.006622516556291
122,"frozenset({'cq_000:[11559884.0, 13406098.0]', 'bb_000:[11559884.0, 13406098.0]'})","frozenset({'bv_000:[11559884.0, 13406098.0]'})",0.19973544973544974,5.006622516556291
121,"frozenset({'cq_000:[11559884.0, 13406098.0]', 'bv_000:[11559884.0, 13406098.0]'})","frozenset({'bb_000:[11559884.0, 13406098.0]'})",0.19973544973544974,5.006622516556291
120,"frozenset({'bb_000:[11559884.0, 13406098.0]'})","frozenset({'cj_000:[990314.88, 25411779.84]', 'bv_000:[11559884.0, 13406098.0]'})",0.18386243386243387,5.006622516556291
119,"frozenset({'bv_000:[11559884.0, 13406098.0]'})","frozenset({'cj_000:[990314.88, 25411779.84]', 'bb_000:[11559884.0, 13406098.0]'})",0.18386243386243387,5.006622516556291
117,"frozenset({'cj_000:[990314.88, 25411779.84]', 'bb_000:[11559884.0, 13406098.0]'})","frozenset({'bv_000:[11559884.0, 13406098.0]'})",0.18386243386243387,5.006622516556291
116,"frozenset({'cj_000:[990314.88, 25411779.84]', 'bv_000:[11559884.0, 13406098.0]'})","frozenset({'bb_000:[11559884.0, 13406098.0]'})",0.18386243386243387,5.006622516556291
115,"frozenset({'bb_000:[11559884.0, 13406098.0]'})","frozenset({'bu_000:[11559884.0, 13406098.0]', 'cq_000:[11559884.0, 13406098.0]'})",0.19973544973544974,5.006622516556291
114,"frozenset({'cq_000:[11559884.0, 13406098.0]'})","frozenset({'bu_000:[11559884.0, 13406098.0]', 'bb_000:[11559884.0, 13406098.0]'})",0.19973544973544974,5.006622516556291
112,"frozenset({'cq_000:[11559884.0, 13406098.0]', 'bb_000:[11559884.0, 13406098.0]'})","frozenset({'bu_000:[11559884.0, 13406098.0]'})",0.19973544973544974,5.006622516556291
154,"frozenset({'bv_000:[13406098.0, 17958276.0]', 'bb_000:[13406098.0, 17958276.0]'})","frozenset({'cq_000:[13406098.0, 17958276.0]'})",0.19973544973544974,5.006622516556291
111,"frozenset({'bu_000:[11559884.0, 13406098.0]', 'bb_000:[11559884.0, 13406098.0]'})","frozenset({'cq_000:[11559884.0, 13406098.0]'})",0.19973544973544974,5.006622516556291
110,"frozenset({'bu_000:[11559884.0, 13406098.0]', 'cq_000:[11559884.0, 13406098.0]'})","frozenset({'bb_000:[11559884.0, 13406098.0]'})",0.19973544973544974,5.006622516556291
109,"frozenset({'bb_000:[11559884.0, 13406098.0]'})","frozenset({'bu_000:[11559884.0, 13406098.0]', 'cj_000:[990314.88, 25411779.84]'})",0.18386243386243387,5.006622516556291
108,"frozenset({'bu_000:[11559884.0, 13406098.0]'})","frozenset({'cj_000:[990314.88, 25411779.84]', 'bb_000:[11559884.0, 13406098.0]'})",0.18386243386243387,5.006622516556291
107,"frozenset({'cj_000:[990314.88, 25411779.84]', 'bb_000:[11559884.0, 13406098.0]'})","frozenset({'bu_000:[11559884.0, 13406098.0]'})",0.18386243386243387,5.006622516556291
105,"frozenset({'bu_000:[11559884.0, 13406098.0]', 'cj_000:[990314.88, 25411779.84]'})","frozenset({'bb_000:[11559884.0, 13406098.0]'})",0.18386243386243387,5.006622516556291
104,"frozenset({'bb_000:[11559884.0, 13406098.0]'})","frozenset({'bu_000:[11559884.0, 13406098.0]', 'bv_000:[11559884.0, 13406098.0]'})",0.19973544973544974,5.006622516556291
103,"frozenset({'bv_000:[11559884.0, 13406098.0]'})","frozenset({'bu_000:[11559884.0, 13406098.0]', 'bb_000:[11559884.0, 13406098.0]'})",0.19973544973544974,5.006622516556291
102,"frozenset({'bu_000:[11559884.0, 13406098.0]'})","frozenset({'bv_000:[11559884.0, 13406098.0]', 'bb_000:[11559884.0, 13406098.0]'})",0.19973544973544974,5.006622516556291
101,"frozenset({'bv_000:[11559884.0, 13406098.0]', 'bb_000:[11559884.0, 13406098.0]'})","frozenset({'bu_000:[11559884.0, 13406098.0]'})",0.19973544973544974,5.006622516556291
231,"frozenset({'bv_000:[13406098.0, 17958276.0]'})","frozenset({'bu_000:[13406098.0, 17958276.0]', 'cq_000:[13406098.0, 17958276.0]'})",0.19973544973544974,5.006622516556291
126,"frozenset({'bb_000:[11559884.0, 13406098.0]'})","frozenset({'cq_000:[11559884.0, 13406098.0]', 'bv_000:[11559884.0, 13406098.0]'})",0.19973544973544974,5.006622516556291
127,"frozenset({'cj_000:[990314.88, 25411779.84]', 'cq_000:[11559884.0, 13406098.0]'})","frozenset({'bb_000:[11559884.0, 13406098.0]'})",0.18386243386243387,5.006622516556291
128,"frozenset({'cj_000:[990314.88, 25411779.84]', 'bb_000:[11559884.0, 13406098.0]'})","frozenset({'cq_000:[11559884.0, 13406098.0]'})",0.18386243386243387,5.006622516556291
152,"frozenset({'bv_000:[13406098.0, 17958276.0]'})","frozenset({'bb_000:[13406098.0, 17958276.0]', 'cj_000:[990314.88, 25411779.84]'})",0.18121693121693122,5.006622516556291
150,"frozenset({'bb_000:[13406098.0, 17958276.0]', 'cj_000:[990314.88, 25411779.84]'})","frozenset({'bv_000:[13406098.0, 17958276.0]'})",0.18121693121693122,5.006622516556291
149,"frozenset({'bv_000:[13406098.0, 17958276.0]', 'cj_000:[990314.88, 25411779.84]'})","frozenset({'bb_000:[13406098.0, 17958276.0]'})",0.18121693121693122,5.006622516556291
148,"frozenset({'cq_000:[13406098.0, 17958276.0]'})","frozenset({'bb_000:[13406098.0, 17958276.0]', 'bu_000:[13406098.0, 17958276.0]'})",0.19973544973544974,5.006622516556291
147,"frozenset({'bu_000:[13406098.0, 17958276.0]'})","frozenset({'bb_000:[13406098.0, 17958276.0]', 'cq_000:[13406098.0, 17958276.0]'})",0.19973544973544974,5.006622516556291
146,"frozenset({'bb_000:[13406098.0, 17958276.0]'})","frozenset({'bu_000:[13406098.0, 17958276.0]', 'cq_000:[13406098.0, 17958276.0]'})",0.19973544973544974,5.006622516556291
145,"frozenset({'bu_000:[13406098.0, 17958276.0]', 'cq_000:[13406098.0, 17958276.0]'})","frozenset({'bb_000:[13406098.0, 17958276.0]'})",0.19973544973544974,5.006622516556291
144,"frozenset({'bb_000:[13406098.0, 17958276.0]', 'cq_000:[13406098.0, 17958276.0]'})","frozenset({'bu_000:[13406098.0, 17958276.0]'})",0.19973544973544974,5.006622516556291
143,"frozenset({'bb_000:[13406098.0, 17958276.0]', 'bu_000:[13406098.0, 17958276.0]'})","frozenset({'cq_000:[13406098.0, 17958276.0]'})",0.19973544973544974,5.006622516556291
142,"frozenset({'bu_000:[13406098.0, 17958276.0]'})","frozenset({'bb_000:[13406098.0, 17958276.0]', 'cj_000:[990314.88, 25411779.84]'})",0.18121693121693122,5.006622516556291
141,"frozenset({'bb_000:[13406098.0, 17958276.0]'})","frozenset({'cj_000:[990314.88, 25411779.84]', 'bu_000:[13406098.0, 17958276.0]'})",0.18121693121693122,5.006622516556291
140,"frozenset({'cj_000:[990314.88, 25411779.84]', 'bu_000:[13406098.0, 17958276.0]'})","frozenset({'bb_000:[13406098.0, 17958276.0]'})",0.18121693121693122,5.006622516556291
138,"frozenset({'bb_000:[13406098.0, 17958276.0]', 'cj_000:[990314.88, 25411779.84]'})","frozenset({'bu_000:[13406098.0, 17958276.0]'})",0.18121693121693122,5.006622516556291
137,"frozenset({'bu_000:[13406098.0, 17958276.0]'})","frozenset({'bv_000:[13406098.0, 17958276.0]', 'bb_000:[13406098.0, 17958276.0]'})",0.19973544973544974,5.006622516556291
136,"frozenset({'bb_000:[13406098.0, 17958276.0]'})","frozenset({'bv_000:[13406098.0, 17958276.0]', 'bu_000:[13406098.0, 17958276.0]'})",0.19973544973544974,5.006622516556291
135,"frozenset({'bv_000:[13406098.0, 17958276.0]'})","frozenset({'bb_000:[13406098.0, 17958276.0]', 'bu_000:[13406098.0, 17958276.0]'})",0.19973544973544974,5.006622516556291
134,"frozenset({'bb_000:[13406098.0, 17958276.0]', 'bu_000:[13406098.0, 17958276.0]'})","frozenset({'bv_000:[13406098.0, 17958276.0]'})",0.19973544973544974,5.006622516556291
133,"frozenset({'bv_000:[13406098.0, 17958276.0]', 'bu_000:[13406098.0, 17958276.0]'})","frozenset({'bb_000:[13406098.0, 17958276.0]'})",0.19973544973544974,5.006622516556291
132,"frozenset({'bv_000:[13406098.0, 17958276.0]', 'bb_000:[13406098.0, 17958276.0]'})","frozenset({'bu_000:[13406098.0, 17958276.0]'})",0.19973544973544974,5.006622516556291
131,"frozenset({'bb_000:[11559884.0, 13406098.0]'})","frozenset({'cj_000:[990314.88, 25411779.84]', 'cq_000:[11559884.0, 13406098.0]'})",0.18386243386243387,5.006622516556291
130,"frozenset({'cq_000:[11559884.0, 13406098.0]'})","frozenset({'cj_000:[990314.88, 25411779.84]', 'bb_000:[11559884.0, 13406098.0]'})",0.18386243386243387,5.006622516556291
100,"frozenset({'bu_000:[11559884.0, 13406098.0]', 'bb_000:[11559884.0, 13406098.0]'})","frozenset({'bv_000:[11559884.0, 13406098.0]'})",0.19973544973544974,5.006622516556291
99,"frozenset({'bu_000:[11559884.0, 13406098.0]', 'bv_000:[11559884.0, 13406098.0]'})","frozenset({'bb_000:[11559884.0, 13406098.0]'})",0.19973544973544974,5.006622516556291
77,"frozenset({'bv_000:[33129954.0, 118355788.0]'})","frozenset({'cq_000:[33129954.0, 118355788.0]'})",0.19973544973544974,5.006622516556291
40,"frozenset({'cq_000:[33129954.0, 118355788.0]'})","frozenset({'bb_000:[33129954.0, 118355788.0]'})",0.19973544973544974,5.006622516556291
38,"frozenset({'bv_000:[33129954.0, 118355788.0]'})","frozenset({'bb_000:[33129954.0, 118355788.0]'})",0.19973544973544974,5.006622516556291
37,"frozenset({'bb_000:[33129954.0, 118355788.0]'})","frozenset({'bu_000:[33129954.0, 118355788.0]'})",0.19973544973544974,5.006622516556291
36,"frozenset({'bu_000:[33129954.0, 118355788.0]'})","frozenset({'bb_000:[33129954.0, 118355788.0]'})",0.19973544973544974,5.006622516556291
35,"frozenset({'cq_000:[17958276.0, 33129954.0]'})","frozenset({'bb_000:[17958276.0, 33129954.0]'})",0.19973544973544974,5.006622516556291
34,"frozenset({'bb_000:[17958276.0, 33129954.0]'})","frozenset({'cq_000:[17958276.0, 33129954.0]'})",0.19973544973544974,5.006622516556291
33,"frozenset({'bv_000:[17958276.0, 33129954.0]'})","frozenset({'bb_000:[17958276.0, 33129954.0]'})",0.19973544973544974,5.006622516556291
32,"frozenset({'bb_000:[17958276.0, 33129954.0]'})","frozenset({'bv_000:[17958276.0, 33129954.0]'})",0.19973544973544974,5.006622516556291
31,"frozenset({'bb_000:[17958276.0, 33129954.0]'})","frozenset({'bu_000:[17958276.0, 33129954.0]'})",0.19973544973544974,5.006622516556291
30,"frozenset({'bu_000:[17958276.0, 33129954.0]'})","frozenset({'bb_000:[17958276.0, 33129954.0]'})",0.19973544973544974,5.006622516556291
29,"frozenset({'cq_000:[13406098.0, 17958276.0]'})","frozenset({'bb_000:[13406098.0, 17958276.0]'})",0.19973544973544974,5.006622516556291
28,"frozenset({'bb_000:[13406098.0, 17958276.0]'})","frozenset({'cq_000:[13406098.0, 17958276.0]'})",0.19973544973544974,5.006622516556291
26,"frozenset({'bb_000:[13406098.0, 17958276.0]'})","frozenset({'bv_000:[13406098.0, 17958276.0]'})",0.19973544973544974,5.006622516556291
25,"frozenset({'bv_000:[13406098.0, 17958276.0]'})","frozenset({'bb_000:[13406098.0, 17958276.0]'})",0.19973544973544974,5.006622516556291
24,"frozenset({'bu_000:[13406098.0, 17958276.0]'})","frozenset({'bb_000:[13406098.0, 17958276.0]'})",0.19973544973544974,5.006622516556291
23,"frozenset({'bb_000:[13406098.0, 17958276.0]'})","frozenset({'bu_000:[13406098.0, 17958276.0]'})",0.19973544973544974,5.006622516556291
22,"frozenset({'bb_000:[11559884.0, 13406098.0]'})","frozenset({'cq_000:[11559884.0, 13406098.0]'})",0.19973544973544974,5.006622516556291
21,"frozenset({'cq_000:[11559884.0, 13406098.0]'})","frozenset({'bb_000:[11559884.0, 13406098.0]'})",0.19973544973544974,5.006622516556291
19,"frozenset({'bb_000:[11559884.0, 13406098.0]'})","frozenset({'bv_000:[11559884.0, 13406098.0]'})",0.19973544973544974,5.006622516556291
18,"frozenset({'bv_000:[11559884.0, 13406098.0]'})","frozenset({'bb_000:[11559884.0, 13406098.0]'})",0.19973544973544974,5.006622516556291
17,"frozenset({'bb_000:[11559884.0, 13406098.0]'})","frozenset({'bu_000:[11559884.0, 13406098.0]'})",0.19973544973544974,5.006622516556291
16,"frozenset({'bu_000:[11559884.0, 13406098.0]'})","frozenset({'bb_000:[11559884.0, 13406098.0]'})",0.19973544973544974,5.006622516556291
39,"frozenset({'bb_000:[33129954.0, 118355788.0]'})","frozenset({'bv_000:[33129954.0, 118355788.0]'})",0.19973544973544974,5.006622516556291
41,"frozenset({'bb_000:[33129954.0, 118355788.0]'})","frozenset({'cq_000:[33129954.0, 118355788.0]'})",0.19973544973544974,5.006622516556291
76,"frozenset({'cq_000:[33129954.0, 118355788.0]'})","frozenset({'bv_000:[33129954.0, 118355788.0]'})",0.19973544973544974,5.006622516556291
48,"frozenset({'bu_000:[11559884.0, 13406098.0]'})","frozenset({'bv_000:[11559884.0, 13406098.0]'})",0.19973544973544974,5.006622516556291
75,"frozenset({'bv_000:[17958276.0, 33129954.0]'})","frozenset({'cq_000:[17958276.0, 33129954.0]'})",0.19973544973544974,5.006622516556291
74,"frozenset({'cq_000:[17958276.0, 33129954.0]'})","frozenset({'bv_000:[17958276.0, 33129954.0]'})",0.19973544973544974,5.006622516556291
73,"frozenset({'cq_000:[13406098.0, 17958276.0]'})","frozenset({'bv_000:[13406098.0, 17958276.0]'})",0.19973544973544974,5.006622516556291
72,"frozenset({'bv_000:[13406098.0, 17958276.0]'})","frozenset({'cq_000:[13406098.0, 17958276.0]'})",0.19973544973544974,5.006622516556291
70,"frozenset({'bv_000:[11559884.0, 13406098.0]'})","frozenset({'cq_000:[11559884.0, 13406098.0]'})",0.19973544973544974,5.006622516556291
69,"frozenset({'cq_000:[11559884.0, 13406098.0]'})","frozenset({'bv_000:[11559884.0, 13406098.0]'})",0.19973544973544974,5.006622516556291
65,"frozenset({'cq_000:[33129954.0, 118355788.0]'})","frozenset({'bu_000:[33129954.0, 118355788.0]'})",0.19973544973544974,5.006622516556291
64,"frozenset({'bu_000:[33129954.0, 118355788.0]'})","frozenset({'cq_000:[33129954.0, 118355788.0]'})",0.19973544973544974,5.006622516556291
63,"frozenset({'bv_000:[33129954.0, 118355788.0]'})","frozenset({'bu_000:[33129954.0, 118355788.0]'})",0.19973544973544974,5.006622516556291
62,"frozenset({'bu_000:[33129954.0, 118355788.0]'})","frozenset({'bv_000:[33129954.0, 118355788.0]'})",0.19973544973544974,5.006622516556291
61,"frozenset({'cq_000:[17958276.0, 33129954.0]'})","frozenset({'bu_000:[17958276.0, 33129954.0]'})",0.19973544973544974,5.006622516556291
60,"frozenset({'bu_000:[17958276.0, 33129954.0]'})","frozenset({'cq_000:[17958276.0, 33129954.0]'})",0.19973544973544974,5.006622516556291
59,"frozenset({'bv_000:[17958276.0, 33129954.0]'})","frozenset({'bu_000:[17958276.0, 33129954.0]'})",0.19973544973544974,5.006622516556291
58,"frozenset({'bu_000:[17958276.0, 33129954.0]'})","frozenset({'bv_000:[17958276.0, 33129954.0]'})",0.19973544973544974,5.006622516556291
57,"frozenset({'cq_000:[13406098.0, 17958276.0]'})","frozenset({'bu_000:[13406098.0, 17958276.0]'})",0.19973544973544974,5.006622516556291
56,"frozenset({'bu_000:[13406098.0, 17958276.0]'})","frozenset({'cq_000:[13406098.0, 17958276.0]'})",0.19973544973544974,5.006622516556291
54,"frozenset({'bu_000:[13406098.0, 17958276.0]'})","frozenset({'bv_000:[13406098.0, 17958276.0]'})",0.19973544973544974,5.006622516556291
53,"frozenset({'bv_000:[13406098.0, 17958276.0]'})","frozenset({'bu_000:[13406098.0, 17958276.0]'})",0.19973544973544974,5.006622516556291
52,"frozenset({'cq_000:[11559884.0, 13406098.0]'})","frozenset({'bu_000:[11559884.0, 13406098.0]'})",0.19973544973544974,5.006622516556291
51,"frozenset({'bu_000:[11559884.0, 13406098.0]'})","frozenset({'cq_000:[11559884.0, 13406098.0]'})",0.19973544973544974,5.006622516556291
49,"frozenset({'bv_000:[11559884.0, 13406098.0]'})","frozenset({'bu_000:[11559884.0, 13406098.0]'})",0.19973544973544974,5.006622516556291
153,"frozenset({'bb_000:[13406098.0, 17958276.0]'})","frozenset({'bv_000:[13406098.0, 17958276.0]', 'cj_000:[990314.88, 25411779.84]'})",0.18121693121693122,5.006622516556291
125,"frozenset({'bv_000:[11559884.0, 13406098.0]'})","frozenset({'cq_000:[11559884.0, 13406098.0]', 'bb_000:[11559884.0, 13406098.0]'})",0.19973544973544974,5.006622516556291
155,"frozenset({'bv_000:[13406098.0, 17958276.0]', 'cq_000:[13406098.0, 17958276.0]'})","frozenset({'bb_000:[13406098.0, 17958276.0]'})",0.19973544973544974,5.006622516556291
228,"frozenset({'bv_000:[13406098.0, 17958276.0]', 'bu_000:[13406098.0, 17958276.0]'})","frozenset({'cq_000:[13406098.0, 17958276.0]'})",0.19973544973544974,5.006622516556291
199,"frozenset({'bv_000:[33129954.0, 118355788.0]'})","frozenset({'cq_000:[33129954.0, 118355788.0]', 'bb_000:[33129954.0, 118355788.0]'})",0.19973544973544974,5.006622516556291
198,"frozenset({'cq_000:[33129954.0, 118355788.0]'})","frozenset({'bv_000:[33129954.0, 118355788.0]', 'bb_000:[33129954.0, 118355788.0]'})",0.19973544973544974,5.006622516556291
197,"frozenset({'bv_000:[33129954.0, 118355788.0]', 'bb_000:[33129954.0, 118355788.0]'})","frozenset({'cq_000:[33129954.0, 118355788.0]'})",0.19973544973544974,5.006622516556291
196,"frozenset({'cq_000:[33129954.0, 118355788.0]', 'bb_000:[33129954.0, 118355788.0]'})","frozenset({'bv_000:[33129954.0, 118355788.0]'})",0.19973544973544974,5.006622516556291
195,"frozenset({'cq_000:[33129954.0, 118355788.0]', 'bv_000:[33129954.0, 118355788.0]'})","frozenset({'bb_000:[33129954.0, 118355788.0]'})",0.19973544973544974,5.006622516556291
227,"frozenset({'bu_000:[13406098.0, 17958276.0]'})","frozenset({'bv_000:[13406098.0, 17958276.0]', 'cj_000:[990314.88, 25411779.84]'})",0.18121693121693122,5.006622516556291
194,"frozenset({'bb_000:[33129954.0, 118355788.0]'})","frozenset({'bu_000:[33129954.0, 118355788.0]', 'cq_000:[33129954.0, 118355788.0]'})",0.19973544973544974,5.006622516556291
193,"frozenset({'cq_000:[33129954.0, 118355788.0]'})","frozenset({'bu_000:[33129954.0, 118355788.0]', 'bb_000:[33129954.0, 118355788.0]'})",0.19973544973544974,5.006622516556291
192,"frozenset({'bu_000:[33129954.0, 118355788.0]'})","frozenset({'cq_000:[33129954.0, 118355788.0]', 'bb_000:[33129954.0, 118355788.0]'})",0.19973544973544974,5.006622516556291
190,"frozenset({'bu_000:[33129954.0, 118355788.0]', 'bb_000:[33129954.0, 118355788.0]'})","frozenset({'cq_000:[33129954.0, 118355788.0]'})",0.19973544973544974,5.006622516556291
189,"frozenset({'bu_000:[33129954.0, 118355788.0]', 'cq_000:[33129954.0, 118355788.0]'})","frozenset({'bb_000:[33129954.0, 118355788.0]'})",0.19973544973544974,5.006622516556291
188,"frozenset({'bb_000:[33129954.0, 118355788.0]'})","frozenset({'bu_000:[33129954.0, 118355788.0]', 'bv_000:[33129954.0, 118355788.0]'})",0.19973544973544974,5.006622516556291
187,"frozenset({'bv_000:[33129954.0, 118355788.0]'})","frozenset({'bu_000:[33129954.0, 118355788.0]', 'bb_000:[33129954.0, 118355788.0]'})",0.19973544973544974,5.006622516556291
186,"frozenset({'bu_000:[33129954.0, 118355788.0]'})","frozenset({'bv_000:[33129954.0, 118355788.0]', 'bb_000:[33129954.0, 118355788.0]'})",0.19973544973544974,5.006622516556291
185,"frozenset({'bv_000:[33129954.0, 118355788.0]', 'bb_000:[33129954.0, 118355788.0]'})","frozenset({'bu_000:[33129954.0, 118355788.0]'})",0.19973544973544974,5.006622516556291
200,"frozenset({'bb_000:[33129954.0, 118355788.0]'})","frozenset({'cq_000:[33129954.0, 118355788.0]', 'bv_000:[33129954.0, 118355788.0]'})",0.19973544973544974,5.006622516556291
226,"frozenset({'bv_000:[13406098.0, 17958276.0]'})","frozenset({'cj_000:[990314.88, 25411779.84]', 'bu_000:[13406098.0, 17958276.0]'})",0.18121693121693122,5.006622516556291
225,"frozenset({'cj_000:[990314.88, 25411779.84]', 'bu_000:[13406098.0, 17958276.0]'})","frozenset({'bv_000:[13406098.0, 17958276.0]'})",0.18121693121693122,5.006622516556291
214,"frozenset({'cq_000:[11559884.0, 13406098.0]', 'bv_000:[11559884.0, 13406098.0]'})","frozenset({'bu_000:[11559884.0, 13406098.0]'})",0.19973544973544974,5.006622516556291
207,"frozenset({'bu_000:[11559884.0, 13406098.0]', 'cj_000:[990314.88, 25411779.84]'})","frozenset({'bv_000:[11559884.0, 13406098.0]'})",0.18386243386243387,5.006622516556291
209,"frozenset({'cj_000:[990314.88, 25411779.84]', 'bv_000:[11559884.0, 13406098.0]'})","frozenset({'bu_000:[11559884.0, 13406098.0]'})",0.18386243386243387,5.006622516556291
210,"frozenset({'bu_000:[11559884.0, 13406098.0]'})","frozenset({'cj_000:[990314.88, 25411779.84]', 'bv_000:[11559884.0, 13406098.0]'})",0.18386243386243387,5.006622516556291
211,"frozenset({'bv_000:[11559884.0, 13406098.0]'})","frozenset({'bu_000:[11559884.0, 13406098.0]', 'cj_000:[990314.88, 25411779.84]'})",0.18386243386243387,5.006622516556291
212,"frozenset({'bu_000:[11559884.0, 13406098.0]', 'cq_000:[11559884.0, 13406098.0]'})","frozenset({'bv_000:[11559884.0, 13406098.0]'})",0.19973544973544974,5.006622516556291
213,"frozenset({'bu_000:[11559884.0, 13406098.0]', 'bv_000:[11559884.0, 13406098.0]'})","frozenset({'cq_000:[11559884.0, 13406098.0]'})",0.19973544973544974,5.006622516556291
215,"frozenset({'bu_000:[11559884.0, 13406098.0]'})","frozenset({'cq_000:[11559884.0, 13406098.0]', 'bv_000:[11559884.0, 13406098.0]'})",0.19973544973544974,5.006622516556291
223,"frozenset({'bv_000:[13406098.0, 17958276.0]', 'cj_000:[990314.88, 25411779.84]'})","frozenset({'bu_000:[13406098.0, 17958276.0]'})",0.18121693121693122,5.006622516556291
216,"frozenset({'cq_000:[11559884.0, 13406098.0]'})","frozenset({'bu_000:[11559884.0, 13406098.0]', 'bv_000:[11559884.0, 13406098.0]'})",0.19973544973544974,5.006622516556291
217,"frozenset({'bv_000:[11559884.0, 13406098.0]'})","frozenset({'bu_000:[11559884.0, 13406098.0]', 'cq_000:[11559884.0, 13406098.0]'})",0.19973544973544974,5.006622516556291
218,"frozenset({'bu_000:[11559884.0, 13406098.0]', 'cj_000:[990314.88, 25411779.84]'})","frozenset({'cq_000:[11559884.0, 13406098.0]'})",0.18386243386243387,5.006622516556291
220,"frozenset({'cj_000:[990314.88, 25411779.84]', 'cq_000:[11559884.0, 13406098.0]'})","frozenset({'bu_000:[11559884.0, 13406098.0]'})",0.18386243386243387,5.006622516556291
221,"frozenset({'bu_000:[11559884.0, 13406098.0]'})","frozenset({'cj_000:[990314.88, 25411779.84]', 'cq_000:[11559884.0, 13406098.0]'})",0.18386243386243387,5.006622516556291
222,"frozenset({'cq_000:[11559884.0, 13406098.0]'})","frozenset({'bu_000:[11559884.0, 13406098.0]', 'cj_000:[990314.88, 25411779.84]'})",0.18386243386243387,5.006622516556291
184,"frozenset({'bu_000:[33129954.0, 118355788.0]', 'bb_000:[33129954.0, 118355788.0]'})","frozenset({'bv_000:[33129954.0, 118355788.0]'})",0.19973544973544974,5.006622516556291
191,"frozenset({'cq_000:[33129954.0, 118355788.0]', 'bb_000:[33129954.0, 118355788.0]'})","frozenset({'bu_000:[33129954.0, 118355788.0]'})",0.19973544973544974,5.006622516556291
229,"frozenset({'bv_000:[13406098.0, 17958276.0]', 'cq_000:[13406098.0, 17958276.0]'})","frozenset({'bu_000:[13406098.0, 17958276.0]'})",0.19973544973544974,5.006622516556291
171,"frozenset({'bu_000:[17958276.0, 33129954.0]', 'bb_000:[17958276.0, 33129954.0]'})","frozenset({'cq_000:[17958276.0, 33129954.0]'})",0.19973544973544974,5.006622516556291
156,"frozenset({'bb_000:[13406098.0, 17958276.0]', 'cq_000:[13406098.0, 17958276.0]'})","frozenset({'bv_000:[13406098.0, 17958276.0]'})",0.19973544973544974,5.006622516556291
157,"frozenset({'bv_000:[13406098.0, 17958276.0]'})","frozenset({'bb_000:[13406098.0, 17958276.0]', 'cq_000:[13406098.0, 17958276.0]'})",0.19973544973544974,5.006622516556291
158,"frozenset({'bb_000:[13406098.0, 17958276.0]'})","frozenset({'bv_000:[13406098.0, 17958276.0]', 'cq_000:[13406098.0, 17958276.0]'})",0.19973544973544974,5.006622516556291
159,"frozenset({'cq_000:[13406098.0, 17958276.0]'})","frozenset({'bv_000:[13406098.0, 17958276.0]', 'bb_000:[13406098.0, 17958276.0]'})",0.19973544973544974,5.006622516556291
160,"frozenset({'bb_000:[13406098.0, 17958276.0]', 'cj_000:[990314.88, 25411779.84]'})","frozenset({'cq_000:[13406098.0, 17958276.0]'})",0.18121693121693122,5.006622516556291
162,"frozenset({'cj_000:[990314.88, 25411779.84]', 'cq_000:[13406098.0, 17958276.0]'})","frozenset({'bb_000:[13406098.0, 17958276.0]'})",0.18121693121693122,5.006622516556291
183,"frozenset({'bu_000:[33129954.0, 118355788.0]', 'bv_000:[33129954.0, 118355788.0]'})","frozenset({'bb_000:[33129954.0, 118355788.0]'})",0.19973544973544974,5.006622516556291
164,"frozenset({'cq_000:[13406098.0, 17958276.0]'})","frozenset({'bb_000:[13406098.0, 17958276.0]', 'cj_000:[990314.88, 25411779.84]'})",0.18121693121693122,5.006622516556291
165,"frozenset({'bu_000:[17958276.0, 33129954.0]', 'bb_000:[17958276.0, 33129954.0]'})","frozenset({'bv_000:[17958276.0, 33129954.0]'})",0.19973544973544974,5.006622516556291
166,"frozenset({'bu_000:[17958276.0, 33129954.0]', 'bv_000:[17958276.0, 33129954.0]'})","frozenset({'bb_000:[17958276.0, 33129954.0]'})",0.19973544973544974,5.006622516556291
167,"frozenset({'bb_000:[17958276.0, 33129954.0]', 'bv_000:[17958276.0, 33129954.0]'})","frozenset({'bu_000:[17958276.0, 33129954.0]'})",0.19973544973544974,5.006622516556291
168,"frozenset({'bu_000:[17958276.0, 33129954.0]'})","frozenset({'bb_000:[17958276.0, 33129954.0]', 'bv_000:[17958276.0, 33129954.0]'})",0.19973544973544974,5.006622516556291
169,"frozenset({'bb_000:[17958276.0, 33129954.0]'})","frozenset({'bu_000:[17958276.0, 33129954.0]', 'bv_000:[17958276.0, 33129954.0]'})",0.19973544973544974,5.006622516556291
170,"frozenset({'bv_000:[17958276.0, 33129954.0]'})","frozenset({'bu_000:[17958276.0, 33129954.0]', 'bb_000:[17958276.0, 33129954.0]'})",0.19973544973544974,5.006622516556291
163,"frozenset({'bb_000:[13406098.0, 17958276.0]'})","frozenset({'cj_000:[990314.88, 25411779.84]', 'cq_000:[13406098.0, 17958276.0]'})",0.18121693121693122,5.006622516556291
172,"frozenset({'bu_000:[17958276.0, 33129954.0]', 'cq_000:[17958276.0, 33129954.0]'})","frozenset({'bb_000:[17958276.0, 33129954.0]'})",0.19973544973544974,5.006622516556291
174,"frozenset({'bu_000:[17958276.0, 33129954.0]'})","frozenset({'bb_000:[17958276.0, 33129954.0]', 'cq_000:[17958276.0, 33129954.0]'})",0.19973544973544974,5.006622516556291
182,"frozenset({'bv_000:[17958276.0, 33129954.0]'})","frozenset({'bb_000:[17958276.0, 33129954.0]', 'cq_000:[17958276.0, 33129954.0]'})",0.19973544973544974,5.006622516556291
181,"frozenset({'cq_000:[17958276.0, 33129954.0]'})","frozenset({'bb_000:[17958276.0, 33129954.0]', 'bv_000:[17958276.0, 33129954.0]'})",0.19973544973544974,5.006622516556291
175,"frozenset({'bb_000:[17958276.0, 33129954.0]'})","frozenset({'bu_000:[17958276.0, 33129954.0]', 'cq_000:[17958276.0, 33129954.0]'})",0.19973544973544974,5.006622516556291
176,"frozenset({'cq_000:[17958276.0, 33129954.0]'})","frozenset({'bu_000:[17958276.0, 33129954.0]', 'bb_000:[17958276.0, 33129954.0]'})",0.19973544973544974,5.006622516556291
177,"frozenset({'bb_000:[17958276.0, 33129954.0]', 'cq_000:[17958276.0, 33129954.0]'})","frozenset({'bv_000:[17958276.0, 33129954.0]'})",0.19973544973544974,5.006622516556291
173,"frozenset({'bb_000:[17958276.0, 33129954.0]', 'cq_000:[17958276.0, 33129954.0]'})","frozenset({'bu_000:[17958276.0, 33129954.0]'})",0.19973544973544974,5.006622516556291
178,"frozenset({'bb_000:[17958276.0, 33129954.0]', 'bv_000:[17958276.0, 33129954.0]'})","frozenset({'cq_000:[17958276.0, 33129954.0]'})",0.19973544973544974,5.006622516556291
179,"frozenset({'cq_000:[17958276.0, 33129954.0]', 'bv_000:[17958276.0, 33129954.0]'})","frozenset({'bb_000:[17958276.0, 33129954.0]'})",0.19973544973544974,5.006622516556291
180,"frozenset({'bb_000:[17958276.0, 33129954.0]'})","frozenset({'cq_000:[17958276.0, 33129954.0]', 'bv_000:[17958276.0, 33129954.0]'})",0.19973544973544974,5.006622516556291
230,"frozenset({'bu_000:[13406098.0, 17958276.0]', 'cq_000:[13406098.0, 17958276.0]'})","frozenset({'bv_000:[13406098.0, 17958276.0]'})",0.19973544973544974,5.006622516556291
268,"frozenset({'bu_000:[9707541.999, 11559884.0]', 'bb_000:[9707541.999, 11559884.0]'})","frozenset({'cq_000:[9707541.999, 11559884.0]', 'bv_000:[9707541.999, 11559884.0]'})",0.20105820105820105,4.973684210526316
265,"frozenset({'bu_000:[9707541.999, 11559884.0]', 'bv_000:[9707541.999, 11559884.0]'})","frozenset({'bb_000:[9707541.999, 11559884.0]', 'cq_000:[9707541.999, 11559884.0]'})",0.20105820105820105,4.973684210526316
266,"frozenset({'bb_000:[9707541.999, 11559884.0]', 'bv_000:[9707541.999, 11559884.0]'})","frozenset({'bu_000:[9707541.999, 11559884.0]', 'cq_000:[9707541.999, 11559884.0]'})",0.20105820105820105,4.973684210526316
267,"frozenset({'cq_000:[9707541.999, 11559884.0]', 'bv_000:[9707541.999, 11559884.0]'})","frozenset({'bu_000:[9707541.999, 11559884.0]', 'bb_000:[9707541.999, 11559884.0]'})",0.20105820105820105,4.973684210526316
269,"frozenset({'bu_000:[9707541.999, 11559884.0]', 'cq_000:[9707541.999, 11559884.0]'})","frozenset({'bb_000:[9707541.999, 11559884.0]', 'bv_000:[9707541.999, 11559884.0]'})",0.20105820105820105,4.973684210526316
263,"frozenset({'cq_000:[9707541.999, 11559884.0]', 'bb_000:[9707541.999, 11559884.0]', 'bv_000:[9707541.999, 11559884.0]'})","frozenset({'bu_000:[9707541.999, 11559884.0]'})",0.20105820105820105,4.973684210526316
270,"frozenset({'bb_000:[9707541.999, 11559884.0]', 'cq_000:[9707541.999, 11559884.0]'})","frozenset({'bu_000:[9707541.999, 11559884.0]', 'bv_000:[9707541.999, 11559884.0]'})",0.20105820105820105,4.973684210526316
10,"frozenset({'bu_000:[9707541.999, 11559884.0]'})","frozenset({'bb_000:[9707541.999, 11559884.0]'})",0.20105820105820105,4.973684210526316
271,"frozenset({'bv_000:[9707541.999, 11559884.0]'})","frozenset({'bu_000:[9707541.999, 11559884.0]', 'bb_000:[9707541.999, 11559884.0]', 'cq_000:[9707541.999, 11559884.0]'})",0.20105820105820105,4.973684210526316
272,"frozenset({'bu_000:[9707541.999, 11559884.0]'})","frozenset({'cq_000:[9707541.999, 11559884.0]', 'bb_000:[9707541.999, 11559884.0]', 'bv_000:[9707541.999, 11559884.0]'})",0.20105820105820105,4.973684210526316
273,"frozenset({'bb_000:[9707541.999, 11559884.0]'})","frozenset({'cq_000:[9707541.999, 11559884.0]', 'bu_000:[9707541.999, 11559884.0]', 'bv_000:[9707541.999, 11559884.0]'})",0.20105820105820105,4.973684210526316
264,"frozenset({'bu_000:[9707541.999, 11559884.0]', 'bb_000:[9707541.999, 11559884.0]', 'cq_000:[9707541.999, 11559884.0]'})","frozenset({'bv_000:[9707541.999, 11559884.0]'})",0.20105820105820105,4.973684210526316
46,"frozenset({'bu_000:[9707541.999, 11559884.0]'})","frozenset({'cq_000:[9707541.999, 11559884.0]'})",0.20105820105820105,4.973684210526316
262,"frozenset({'cq_000:[9707541.999, 11559884.0]', 'bu_000:[9707541.999, 11559884.0]', 'bv_000:[9707541.999, 11559884.0]'})","frozenset({'bb_000:[9707541.999, 11559884.0]'})",0.20105820105820105,4.973684210526316
261,"frozenset({'bu_000:[9707541.999, 11559884.0]', 'bb_000:[9707541.999, 11559884.0]', 'bv_000:[9707541.999, 11559884.0]'})","frozenset({'cq_000:[9707541.999, 11559884.0]'})",0.20105820105820105,4.973684210526316
47,"frozenset({'cq_000:[9707541.999, 11559884.0]'})","frozenset({'bu_000:[9707541.999, 11559884.0]'})",0.20105820105820105,4.973684210526316
45,"frozenset({'bv_000:[9707541.999, 11559884.0]'})","frozenset({'bu_000:[9707541.999, 11559884.0]'})",0.20105820105820105,4.973684210526316
44,"frozenset({'bu_000:[9707541.999, 11559884.0]'})","frozenset({'bv_000:[9707541.999, 11559884.0]'})",0.20105820105820105,4.973684210526316
11,"frozenset({'bb_000:[9707541.999, 11559884.0]'})","frozenset({'bu_000:[9707541.999, 11559884.0]'})",0.20105820105820105,4.973684210526316
66,"frozenset({'bv_000:[9707541.999, 11559884.0]'})","frozenset({'cq_000:[9707541.999, 11559884.0]'})",0.20105820105820105,4.973684210526316
12,"frozenset({'bb_000:[9707541.999, 11559884.0]'})","frozenset({'bv_000:[9707541.999, 11559884.0]'})",0.20105820105820105,4.973684210526316
15,"frozenset({'cq_000:[9707541.999, 11559884.0]'})","frozenset({'bb_000:[9707541.999, 11559884.0]'})",0.20105820105820105,4.973684210526316
13,"frozenset({'bv_000:[9707541.999, 11559884.0]'})","frozenset({'bb_000:[9707541.999, 11559884.0]'})",0.20105820105820105,4.973684210526316
14,"frozenset({'bb_000:[9707541.999, 11559884.0]'})","frozenset({'cq_000:[9707541.999, 11559884.0]'})",0.20105820105820105,4.973684210526316
274,"frozenset({'cq_000:[9707541.999, 11559884.0]'})","frozenset({'bu_000:[9707541.999, 11559884.0]', 'bb_000:[9707541.999, 11559884.0]', 'bv_000:[9707541.999, 11559884.0]'})",0.20105820105820105,4.973684210526316
202,"frozenset({'cq_000:[9707541.999, 11559884.0]', 'bv_000:[9707541.999, 11559884.0]'})","frozenset({'bu_000:[9707541.999, 11559884.0]'})",0.20105820105820105,4.973684210526316
92,"frozenset({'cq_000:[9707541.999, 11559884.0]'})","frozenset({'bu_000:[9707541.999, 11559884.0]', 'bb_000:[9707541.999, 11559884.0]'})",0.20105820105820105,4.973684210526316
93,"frozenset({'bb_000:[9707541.999, 11559884.0]', 'bv_000:[9707541.999, 11559884.0]'})","frozenset({'cq_000:[9707541.999, 11559884.0]'})",0.20105820105820105,4.973684210526316
88,"frozenset({'bu_000:[9707541.999, 11559884.0]', 'cq_000:[9707541.999, 11559884.0]'})","frozenset({'bb_000:[9707541.999, 11559884.0]'})",0.20105820105820105,4.973684210526316
85,"frozenset({'bb_000:[9707541.999, 11559884.0]'})","frozenset({'bu_000:[9707541.999, 11559884.0]', 'bv_000:[9707541.999, 11559884.0]'})",0.20105820105820105,4.973684210526316
84,"frozenset({'bu_000:[9707541.999, 11559884.0]'})","frozenset({'bb_000:[9707541.999, 11559884.0]', 'bv_000:[9707541.999, 11559884.0]'})",0.20105820105820105,4.973684210526316
83,"frozenset({'bb_000:[9707541.999, 11559884.0]', 'bv_000:[9707541.999, 11559884.0]'})","frozenset({'bu_000:[9707541.999, 11559884.0]'})",0.20105820105820105,4.973684210526316
82,"frozenset({'bu_000:[9707541.999, 11559884.0]', 'bv_000:[9707541.999, 11559884.0]'})","frozenset({'bb_000:[9707541.999, 11559884.0]'})",0.20105820105820105,4.973684210526316
81,"frozenset({'bu_000:[9707541.999, 11559884.0]', 'bb_000:[9707541.999, 11559884.0]'})","frozenset({'bv_000:[9707541.999, 11559884.0]'})",0.20105820105820105,4.973684210526316
89,"frozenset({'bb_000:[9707541.999, 11559884.0]', 'cq_000:[9707541.999, 11559884.0]'})","frozenset({'bu_000:[9707541.999, 11559884.0]'})",0.20105820105820105,4.973684210526316
90,"frozenset({'bu_000:[9707541.999, 11559884.0]'})","frozenset({'bb_000:[9707541.999, 11559884.0]', 'cq_000:[9707541.999, 11559884.0]'})",0.20105820105820105,4.973684210526316
91,"frozenset({'bb_000:[9707541.999, 11559884.0]'})","frozenset({'bu_000:[9707541.999, 11559884.0]', 'cq_000:[9707541.999, 11559884.0]'})",0.20105820105820105,4.973684210526316
67,"frozenset({'cq_000:[9707541.999, 11559884.0]'})","frozenset({'bv_000:[9707541.999, 11559884.0]'})",0.20105820105820105,4.973684210526316
94,"frozenset({'cq_000:[9707541.999, 11559884.0]', 'bv_000:[9707541.999, 11559884.0]'})","frozenset({'bb_000:[9707541.999, 11559884.0]'})",0.20105820105820105,4.973684210526316
86,"frozenset({'bv_000:[9707541.999, 11559884.0]'})","frozenset({'bu_000:[9707541.999, 11559884.0]', 'bb_000:[9707541.999, 11559884.0]'})",0.20105820105820105,4.973684210526316
95,"frozenset({'bb_000:[9707541.999, 11559884.0]', 'cq_000:[9707541.999, 11559884.0]'})","frozenset({'bv_000:[9707541.999, 11559884.0]'})",0.20105820105820105,4.973684210526316
203,"frozenset({'bu_000:[9707541.999, 11559884.0]', 'cq_000:[9707541.999, 11559884.0]'})","frozenset({'bv_000:[9707541.999, 11559884.0]'})",0.20105820105820105,4.973684210526316
204,"frozenset({'bv_000:[9707541.999, 11559884.0]'})","frozenset({'bu_000:[9707541.999, 11559884.0]', 'cq_000:[9707541.999, 11559884.0]'})",0.20105820105820105,4.973684210526316
205,"frozenset({'bu_000:[9707541.999, 11559884.0]'})","frozenset({'cq_000:[9707541.999, 11559884.0]', 'bv_000:[9707541.999, 11559884.0]'})",0.20105820105820105,4.973684210526316
206,"frozenset({'cq_000:[9707541.999, 11559884.0]'})","frozenset({'bu_000:[9707541.999, 11559884.0]', 'bv_000:[9707541.999, 11559884.0]'})",0.20105820105820105,4.973684210526316
96,"frozenset({'bv_000:[9707541.999, 11559884.0]'})","frozenset({'bb_000:[9707541.999, 11559884.0]', 'cq_000:[9707541.999, 11559884.0]'})",0.20105820105820105,4.973684210526316
97,"frozenset({'bb_000:[9707541.999, 11559884.0]'})","frozenset({'cq_000:[9707541.999, 11559884.0]', 'bv_000:[9707541.999, 11559884.0]'})",0.20105820105820105,4.973684210526316
98,"frozenset({'cq_000:[9707541.999, 11559884.0]'})","frozenset({'bb_000:[9707541.999, 11559884.0]', 'bv_000:[9707541.999, 11559884.0]'})",0.20105820105820105,4.973684210526316
201,"frozenset({'bu_000:[9707541.999, 11559884.0]', 'bv_000:[9707541.999, 11559884.0]'})","frozenset({'cq_000:[9707541.999, 11559884.0]'})",0.20105820105820105,4.973684210526316
87,"frozenset({'bu_000:[9707541.999, 11559884.0]', 'bb_000:[9707541.999, 11559884.0]'})","frozenset({'cq_000:[9707541.999, 11559884.0]'})",0.20105820105820105,4.973684210526316
1,"frozenset({'am_0:[299.999, 155950.0]'})","frozenset({'al_000:[163.999, 99554.0]'})",0.19973544973544974,4.940962603878117
0,"frozenset({'al_000:[163.999, 99554.0]'})","frozenset({'am_0:[299.999, 155950.0]'})",0.19973544973544974,4.940962603878117
4,"frozenset({'am_0:[1176020.0, 15548472.0]'})","frozenset({'al_000:[745396.0, 11490178.0]'})",0.18915343915343916,4.741370992500329
5,"frozenset({'al_000:[745396.0, 11490178.0]'})","frozenset({'am_0:[1176020.0, 15548472.0]'})",0.18915343915343916,4.741370992500329
8,"frozenset({'bj_000:[3136042.0, 17869426.0]'})","frozenset({'aq_000:[2474534.0, 12893672.0]'})",0.18253968253968253,4.6370060891595175
9,"frozenset({'aq_000:[2474534.0, 12893672.0]'})","frozenset({'bj_000:[3136042.0, 17869426.0]'})",0.18253968253968253,4.6370060891595175
2,"frozenset({'al_000:[99554.0, 236464.0]'})","frozenset({'am_0:[155950.0, 361646.0]'})",0.18253968253968253,4.575588789965352
3,"frozenset({'am_0:[155950.0, 361646.0]'})","frozenset({'al_000:[99554.0, 236464.0]'})",0.18253968253968253,4.575588789965352
80,"frozenset({'dn_000:[58214.0, 73882.0]'})","frozenset({'cj_000:[990314.88, 25411779.84]'})",0.1865079365079365,1.1726732673267326
43,"frozenset({'bj_000:[1122996.0, 1591920.0]'})","frozenset({'cj_000:[990314.88, 25411779.84]'})",0.18915343915343916,1.1584158415841583
6,"frozenset({'aq_000:[714860.0, 903574.0]'})","frozenset({'cj_000:[990314.88, 25411779.84]'})",0.18518518518518517,1.1566454658710903
129,"frozenset({'cq_000:[11559884.0, 13406098.0]', 'bb_000:[11559884.0, 13406098.0]'})","frozenset({'cj_000:[990314.88, 25411779.84]'})",0.18386243386243387,1.1483837125434397
304,"frozenset({'bu_000:[11559884.0, 13406098.0]', 'cq_000:[11559884.0, 13406098.0]', 'bb_000:[11559884.0, 13406098.0]'})","frozenset({'cj_000:[990314.88, 25411779.84]'})",0.18386243386243387,1.1483837125434397
118,"frozenset({'bv_000:[11559884.0, 13406098.0]', 'bb_000:[11559884.0, 13406098.0]'})","frozenset({'cj_000:[990314.88, 25411779.84]'})",0.18386243386243387,1.1483837125434397
20,"frozenset({'bb_000:[11559884.0, 13406098.0]'})","frozenset({'cj_000:[990314.88, 25411779.84]'})",0.18386243386243387,1.1483837125434397
42,"frozenset({'bj_000:[808074.0, 1122996.0]'})","frozenset({'cj_000:[990314.88, 25411779.84]'})",0.18386243386243387,1.1483837125434397
68,"frozenset({'bv_000:[11559884.0, 13406098.0]'})","frozenset({'cj_000:[990314.88, 25411779.84]'})",0.18386243386243387,1.1483837125434397
208,"frozenset({'bu_000:[11559884.0, 13406098.0]', 'bv_000:[11559884.0, 13406098.0]'})","frozenset({'cj_000:[990314.88, 25411779.84]'})",0.18386243386243387,1.1483837125434397
106,"frozenset({'bu_000:[11559884.0, 13406098.0]', 'bb_000:[11559884.0, 13406098.0]'})","frozenset({'cj_000:[990314.88, 25411779.84]'})",0.18386243386243387,1.1483837125434397
277,"frozenset({'bu_000:[11559884.0, 13406098.0]', 'bv_000:[11559884.0, 13406098.0]', 'bb_000:[11559884.0, 13406098.0]'})","frozenset({'cj_000:[990314.88, 25411779.84]'})",0.18386243386243387,1.1483837125434397
438,"frozenset({'bu_000:[11559884.0, 13406098.0]', 'cq_000:[11559884.0, 13406098.0]', 'bv_000:[11559884.0, 13406098.0]', 'bb_000:[11559884.0, 13406098.0]'})","frozenset({'cj_000:[990314.88, 25411779.84]'})",0.18386243386243387,1.1483837125434397
219,"frozenset({'bu_000:[11559884.0, 13406098.0]', 'cq_000:[11559884.0, 13406098.0]'})","frozenset({'cj_000:[990314.88, 25411779.84]'})",0.18386243386243387,1.1483837125434397
78,"frozenset({'cq_000:[11559884.0, 13406098.0]'})","frozenset({'cj_000:[990314.88, 25411779.84]'})",0.18386243386243387,1.1483837125434397
411,"frozenset({'bu_000:[11559884.0, 13406098.0]', 'cq_000:[11559884.0, 13406098.0]', 'bv_000:[11559884.0, 13406098.0]'})","frozenset({'cj_000:[990314.88, 25411779.84]'})",0.18386243386243387,1.1483837125434397
50,"frozenset({'bu_000:[11559884.0, 13406098.0]'})","frozenset({'cj_000:[990314.88, 25411779.84]'})",0.18386243386243387,1.1483837125434397
253,"frozenset({'cq_000:[11559884.0, 13406098.0]', 'bv_000:[11559884.0, 13406098.0]'})","frozenset({'cj_000:[990314.88, 25411779.84]'})",0.18386243386243387,1.1483837125434397
318,"frozenset({'cq_000:[11559884.0, 13406098.0]', 'bv_000:[11559884.0, 13406098.0]', 'bb_000:[11559884.0, 13406098.0]'})","frozenset({'cj_000:[990314.88, 25411779.84]'})",0.18386243386243387,1.1483837125434397
7,"frozenset({'aq_000:[903574.0, 1201790.0]'})","frozenset({'cj_000:[990314.88, 25411779.84]'})",0.18121693121693122,1.1318602058881384
139,"frozenset({'bb_000:[13406098.0, 17958276.0]', 'bu_000:[13406098.0, 17958276.0]'})","frozenset({'cj_000:[990314.88, 25411779.84]'})",0.18121693121693122,1.1318602058881384
151,"frozenset({'bv_000:[13406098.0, 17958276.0]', 'bb_000:[13406098.0, 17958276.0]'})","frozenset({'cj_000:[990314.88, 25411779.84]'})",0.18121693121693122,1.1318602058881384
161,"frozenset({'bb_000:[13406098.0, 17958276.0]', 'cq_000:[13406098.0, 17958276.0]'})","frozenset({'cj_000:[990314.88, 25411779.84]'})",0.18121693121693122,1.1318602058881384
257,"frozenset({'bv_000:[13406098.0, 17958276.0]', 'cq_000:[13406098.0, 17958276.0]'})","frozenset({'cj_000:[990314.88, 25411779.84]'})",0.18121693121693122,1.1318602058881384
357,"frozenset({'bb_000:[13406098.0, 17958276.0]', 'bu_000:[13406098.0, 17958276.0]', 'cq_000:[13406098.0, 17958276.0]'})","frozenset({'cj_000:[990314.88, 25411779.84]'})",0.18121693121693122,1.1318602058881384
236,"frozenset({'bu_000:[13406098.0, 17958276.0]', 'cq_000:[13406098.0, 17958276.0]'})","frozenset({'cj_000:[990314.88, 25411779.84]'})",0.18121693121693122,1.1318602058881384
371,"frozenset({'bv_000:[13406098.0, 17958276.0]', 'bb_000:[13406098.0, 17958276.0]', 'cq_000:[13406098.0, 17958276.0]'})","frozenset({'cj_000:[990314.88, 25411779.84]'})",0.18121693121693122,1.1318602058881384
224,"frozenset({'bv_000:[13406098.0, 17958276.0]', 'bu_000:[13406098.0, 17958276.0]'})","frozenset({'cj_000:[990314.88, 25411779.84]'})",0.18121693121693122,1.1318602058881384
71,"frozenset({'bv_000:[13406098.0, 17958276.0]'})","frozenset({'cj_000:[990314.88, 25411779.84]'})",0.18121693121693122,1.1318602058881384
466,"frozenset({'bv_000:[13406098.0, 17958276.0]', 'bb_000:[13406098.0, 17958276.0]', 'bu_000:[13406098.0, 17958276.0]', 'cq_000:[13406098.0, 17958276.0]'})","frozenset({'cj_000:[990314.88, 25411779.84]'})",0.18121693121693122,1.1318602058881384
27,"frozenset({'bb_000:[13406098.0, 17958276.0]'})","frozenset({'cj_000:[990314.88, 25411779.84]'})",0.18121693121693122,1.1318602058881384
55,"frozenset({'bu_000:[13406098.0, 17958276.0]'})","frozenset({'cj_000:[990314.88, 25411779.84]'})",0.18121693121693122,1.1318602058881384
331,"frozenset({'bv_000:[13406098.0, 17958276.0]', 'bb_000:[13406098.0, 17958276.0]', 'bu_000:[13406098.0, 17958276.0]'})","frozenset({'cj_000:[990314.88, 25411779.84]'})",0.18121693121693122,1.1318602058881384
79,"frozenset({'cq_000:[13406098.0, 17958276.0]'})","frozenset({'cj_000:[990314.88, 25411779.84]'})",0.18121693121693122,1.1318602058881384
424,"frozenset({'bv_000:[13406098.0, 17958276.0]', 'bu_000:[13406098.0, 17958276.0]', 'cq_000:[13406098.0, 17958276.0]'})","frozenset({'cj_000:[990314.88, 25411779.84]'})",0.18121693121693122,1.1318602058881384
